uid;civilite;nom;prenom;fonction;telephone;mail;etage;uoAffectation;codeImmeubleEmplacementCollaborateur;region;codeRegion;niveauTerritoire;codeTerritoire;niveauEntite;codeEntite;niveauAgence;codeAgence;localisationCollaborateur;pj;aMigrer
148348;M.;nom_005;Prenom_005;ASSISTANT CLIENT BANQUE PRIVEE;04 99 52 42 82;nom_005.Prenom_005@bnpparibas.com;6;13240984;106016;REGION OCCITANIE;8058000;CENTRE BANQUE PRIVEE MONTPELLIER ROUSSILLON;8674000;CBP EQUIPE MONTPELLIER ROUSSILLON 1;08674T10;APPUI COMMERCIAL CBP EQUIPE MONTPELLIER ROUSSILLON 1;08674Z18;LA COUPOLE 329 RUE LEON BLUM 34000 MONTPELLIER;cs;OUI
121396;Mme;nom_006;Prenom_006;ASSISTANT CLIENT BANQUE PRIVEE;04 68 35 78 16;nom_006.Prenom_006@bnpparibas.com;1;13272608;100177;REGION OCCITANIE;8058000;CENTRE BANQUE PRIVEE MONTPELLIER ROUSSILLON;8674000;CBP EQUIPE MONTPELLIER ROUSSILLON 4;08674T40;APPUI COMMERCIAL CBP EQUIPE MONTPELLIER ROUSSILLON 4;08674Z98;29 RUE VAUBAN 66000 PERPIGNAN;cs;OUI
138258;Mme;nom_007;Prenom_007;ASSISTANT CLIENT BANQUE PRIVEE;04 68 35 78 17;nom_007.Prenom_007@bnpparibas.com;1;13272608;100177;REGION OCCITANIE;8058000;CENTRE BANQUE PRIVEE MONTPELLIER ROUSSILLON;8674000;CBP EQUIPE MONTPELLIER ROUSSILLON 4;08674T40;APPUI COMMERCIAL CBP EQUIPE MONTPELLIER ROUSSILLON 4;08674Z98;29 RUE VAUBAN 66000 PERPIGNAN;cs;OUI
d33069;M.;nom_008;Prenom_008;COLLABORATEUR EN FORMATION;-;nom_008.Prenom_008@bnpparibas.com;6;13240983;106016;REGION OCCITANIE;8058000;CENTRE BANQUE PRIVEE MONTPELLIER ROUSSILLON;8674000;CBP EQUIPE MONTPELLIER ROUSSILLON 1;08674T10;ACTION COMMERCIALE CBP EQUIPE MONTPELLIER ROUSSILLON 1;08674Z19;LA COUPOLE 329 RUE LEON BLUM 34000 MONTPELLIER;cs;OUI
225401;M.;nom_009;Prenom_009;CONSEIL EN BANQUE PRIVEE ENTREPRENEUR;04 68 90 36 63;nom_009.Prenom_009@bnpparibas.com;0;13240989;100952;REGION OCCITANIE;8058000;CENTRE BANQUE PRIVEE MONTPELLIER ROUSSILLON;8674000;CBP EQUIPE MONTPELLIER ROUSSILLON 3;08674T30;ACTION COMMERCIALE CBP EQUIPE MONTPELLIER ROUSSILLON 3;08674Z39;50 RUE JEAN JAURES 11101 NARBONNE CEDEX;cs;OUI
288255;Mme;nom_010;Prenom_010;CONSEIL EN BANQUE PRIVEE ENTREPRENEUR;04 99 52 42 86;nom_010.Prenom_010@bnpparibas.com;6;13240983;106016;REGION OCCITANIE;8058000;CENTRE BANQUE PRIVEE MONTPELLIER ROUSSILLON;8674000;CBP EQUIPE MONTPELLIER ROUSSILLON 1;08674T10;ACTION COMMERCIALE CBP EQUIPE MONTPELLIER ROUSSILLON 1;08674Z19;LA COUPOLE 329 RUE LEON BLUM 34000 MONTPELLIER;cs;OUI
354498;M.;nom_011;Prenom_011;CONSEIL EN BANQUE PRIVEE ENTREPRENEUR;04 99 52 42 98;nom_011.Prenom_011@bnpparibas.com;6;13240983;106016;REGION OCCITANIE;8058000;CENTRE BANQUE PRIVEE MONTPELLIER ROUSSILLON;8674000;CBP EQUIPE MONTPELLIER ROUSSILLON 1;08674T10;ACTION COMMERCIALE CBP EQUIPE MONTPELLIER ROUSSILLON 1;08674Z19;LA COUPOLE 329 RUE LEON BLUM 34000 MONTPELLIER;cs;OUI
798296;Mme;nom_012;Prenom_012;CONSEIL EN BANQUE PRIVEE ENTREPRENEUR;04 99 52 42 83;nom_012.Prenom_012@bnpparibas.com;6;13240983;106016;REGION OCCITANIE;8058000;CENTRE BANQUE PRIVEE MONTPELLIER ROUSSILLON;8674000;CBP EQUIPE MONTPELLIER ROUSSILLON 1;08674T10;ACTION COMMERCIALE CBP EQUIPE MONTPELLIER ROUSSILLON 1;08674Z19;LA COUPOLE 329 RUE LEON BLUM 34000 MONTPELLIER;cs;OUI
277788;M.;nom_013;Prenom_013;CONSEIL EN BANQUE PRIVEE ENTREPRENEUR;04 67 13 94 72;nom_013.Prenom_013@bnpparibas.com;2;13240983;106111;REGION OCCITANIE;8058000;CENTRE BANQUE PRIVEE MONTPELLIER ROUSSILLON;8674000;CBP EQUIPE MONTPELLIER ROUSSILLON 1;08674T10;ACTION COMMERCIALE CBP EQUIPE MONTPELLIER ROUSSILLON 1;08674Z19;1025 AVENUE HENRI BECQUEREL 34960 MONTPELLIER CEDEX 2;cs;OUI
112384;M.;nom_014;Prenom_014;CONSEIL EN BANQUE PRIVEE ENTREPRENEUR;04 67 13 94 78;nom_014.Prenom_014@bnpparibas.com;2;13240983;106111;REGION OCCITANIE;8058000;CENTRE BANQUE PRIVEE MONTPELLIER ROUSSILLON;8674000;CBP EQUIPE MONTPELLIER ROUSSILLON 1;08674T10;ACTION COMMERCIALE CBP EQUIPE MONTPELLIER ROUSSILLON 1;08674Z19;1025 AVENUE HENRI BECQUEREL 34960 MONTPELLIER CEDEX 2;cs;OUI
414368;M.;nom_015;Prenom_015;CONSEIL EN BANQUE PRIVEE ENTREPRENEUR;04 68 35 78 15;nom_015.Prenom_015@bnpparibas.com;1;13272607;100177;REGION OCCITANIE;8058000;CENTRE BANQUE PRIVEE MONTPELLIER ROUSSILLON;8674000;CBP EQUIPE MONTPELLIER ROUSSILLON 4;08674T40;ACTION COMMERCIALE CBP EQUIPE MONTPELLIER ROUSSILLON 4;08674Z99;29 RUE VAUBAN 66000 PERPIGNAN;cs;OUI
437054;M.;nom_016;Prenom_016;CONSEIL EN BANQUE PRIVEE GRANDES RELATIONS;04 99 52 42 88;nom_016.Prenom_016@bnpparibas.com;6;13240986;106016;REGION OCCITANIE;8058000;CENTRE BANQUE PRIVEE MONTPELLIER ROUSSILLON;8674000;CBP EQUIPE MONTPELLIER ROUSSILLON 2;08674T20;ACTION COMMERCIALE CBP EQUIPE MONTPELLIER ROUSSILLON 2;08674Z29;LA COUPOLE 329 RUE LEON BLUM 34000 MONTPELLIER;cs;OUI
118310;Mme;nom_017;Prenom_017;CONSEIL EN BANQUE PRIVEE GRANDES RELATIONS;04 99 52 42 97;nom_017.Prenom_017@bnpparibas.com;6;13240986;106016;REGION OCCITANIE;8058000;CENTRE BANQUE PRIVEE MONTPELLIER ROUSSILLON;8674000;CBP EQUIPE MONTPELLIER ROUSSILLON 2;08674T20;ACTION COMMERCIALE CBP EQUIPE MONTPELLIER ROUSSILLON 2;08674Z29;LA COUPOLE 329 RUE LEON BLUM 34000 MONTPELLIER;cs;OUI
281248;Mme;nom_018;Prenom_018;CONSEIL EN BANQUE PRIVEE PARTICULIER;04 68 90 36 79;nom_018.Prenom_018@bnpparibas.com;0;13240989;100952;REGION OCCITANIE;8058000;CENTRE BANQUE PRIVEE MONTPELLIER ROUSSILLON;8674000;CBP EQUIPE MONTPELLIER ROUSSILLON 3;08674T30;ACTION COMMERCIALE CBP EQUIPE MONTPELLIER ROUSSILLON 3;08674Z39;50 RUE JEAN JAURES 11101 NARBONNE CEDEX;cs;OUI
327175;M.;nom_019;Prenom_019;CONSEIL EN BANQUE PRIVEE PARTICULIER;04 99 52 42 89;nom_019.Prenom_019@bnpparibas.com;6;13240986;106016;REGION OCCITANIE;8058000;CENTRE BANQUE PRIVEE MONTPELLIER ROUSSILLON;8674000;CBP EQUIPE MONTPELLIER ROUSSILLON 2;08674T20;ACTION COMMERCIALE CBP EQUIPE MONTPELLIER ROUSSILLON 2;08674Z29;LA COUPOLE 329 RUE LEON BLUM 34000 MONTPELLIER;cs;OUI
172300;Mme;nom_020;Prenom_020;CONSEIL EN BANQUE PRIVEE PARTICULIER;04 99 52 42 92;nom_020.Prenom_020@bnpparibas.com;6;13240986;106016;REGION OCCITANIE;8058000;CENTRE BANQUE PRIVEE MONTPELLIER ROUSSILLON;8674000;CBP EQUIPE MONTPELLIER ROUSSILLON 2;08674T20;ACTION COMMERCIALE CBP EQUIPE MONTPELLIER ROUSSILLON 2;08674Z29;LA COUPOLE 329 RUE LEON BLUM 34000 MONTPELLIER;cs;OUI
b47791;Mme;nom_021;Prenom_021;CONSEIL EN BANQUE PRIVEE PARTICULIER;04 99 52 42 91;nom_021.Prenom_021@bnpparibas.com;6;13240986;106016;REGION OCCITANIE;8058000;CENTRE BANQUE PRIVEE MONTPELLIER ROUSSILLON;8674000;CBP EQUIPE MONTPELLIER ROUSSILLON 2;08674T20;ACTION COMMERCIALE CBP EQUIPE MONTPELLIER ROUSSILLON 2;08674Z29;LA COUPOLE 329 RUE LEON BLUM 34000 MONTPELLIER;cs;OUI
132544;Mme;nom_022;Prenom_022;CONSEIL EN BANQUE PRIVEE PARTICULIER;04 68 47 73 06;nom_022.Prenom_022@bnpparibas.com;0;13240989;118150;REGION OCCITANIE;8058000;CENTRE BANQUE PRIVEE MONTPELLIER ROUSSILLON;8674000;CBP EQUIPE MONTPELLIER ROUSSILLON 3;08674T30;ACTION COMMERCIALE CBP EQUIPE MONTPELLIER ROUSSILLON 3;08674Z39;Zone comm. Planete Nord FERRAUDIERE 11000 CARCASSONNE;cs;OUI
225451;Mme;nom_023;Prenom_023;CONSEIL EN BANQUE PRIVEE PARTICULIER;04 68 35 78 11;nom_023.Prenom_023@bnpparibas.com;1;13272607;100177;REGION OCCITANIE;8058000;CENTRE BANQUE PRIVEE MONTPELLIER ROUSSILLON;8674000;CBP EQUIPE MONTPELLIER ROUSSILLON 4;08674T40;ACTION COMMERCIALE CBP EQUIPE MONTPELLIER ROUSSILLON 4;08674Z99;29 RUE VAUBAN 66000 PERPIGNAN;cs;OUI
221891;Mme;nom_024;Prenom_024;CONSEIL EN BANQUE PRIVEE PARTICULIER;04 68 35 78 14;nom_024.Prenom_024@bnpparibas.com;1;13272607;100177;REGION OCCITANIE;8058000;CENTRE BANQUE PRIVEE MONTPELLIER ROUSSILLON;8674000;CBP EQUIPE MONTPELLIER ROUSSILLON 4;08674T40;ACTION COMMERCIALE CBP EQUIPE MONTPELLIER ROUSSILLON 4;08674Z99;29 RUE VAUBAN 66000 PERPIGNAN;cs;OUI
b04655;M.;nom_025;Prenom_025;CONSEIL EN BANQUE PRIVEE PARTICULIER;04 67 49 53 04;nom_025.Prenom_025@bnpparibas.com;0;13240989;100798;REGION OCCITANIE;8058000;CENTRE BANQUE PRIVEE MONTPELLIER ROUSSILLON;8674000;CBP EQUIPE MONTPELLIER ROUSSILLON 3;08674T30;ACTION COMMERCIALE CBP EQUIPE MONTPELLIER ROUSSILLON 3;08674Z39;34 ALLEE PAUL RIQUET 34501 BEZIERS CEDEX;cs;OUI
308038;M.;nom_026;Prenom_026;RESPONSABLE CENTRE BANQUE PRIVEE;04 99 52 42 81;nom_026.Prenom_026@bnpparibas.com;6;13240981;106016;REGION OCCITANIE;8058000;CENTRE BANQUE PRIVEE MONTPELLIER ROUSSILLON;8674000;PILOTAGE CENTRE BANQUE PRIVEE MONTPELLIER ROUSSILLON;08674Z96;PILOTAGE CENTRE BANQUE PRIVEE MONTPELLIER ROUSSILLON;08674Z96;LA COUPOLE 329 RUE LEON BLUM 34000 MONTPELLIER;cs;OUI
344168;M.;nom_027;Prenom_027;RESPONSABLE D'EQUIPE CENTRE BANQUE PRIVEE;04 67 49 53 15;nom_027.Prenom_027@bnpparibas.com;0;13240989;100798;REGION OCCITANIE;8058000;CENTRE BANQUE PRIVEE MONTPELLIER ROUSSILLON;8674000;CBP EQUIPE MONTPELLIER ROUSSILLON 3;08674T30;ACTION COMMERCIALE CBP EQUIPE MONTPELLIER ROUSSILLON 3;08674Z39;34 ALLEE PAUL RIQUET 34501 BEZIERS CEDEX;cs;OUI
225478;M.;nom_028;Prenom_028;RESPONSABLE D'EQUIPE CENTRE BANQUE PRIVEE;04 99 52 42 87;nom_028.Prenom_028@bnpparibas.com;6;13240983;106016;REGION OCCITANIE;8058000;CENTRE BANQUE PRIVEE MONTPELLIER ROUSSILLON;8674000;CBP EQUIPE MONTPELLIER ROUSSILLON 1;08674T10;ACTION COMMERCIALE CBP EQUIPE MONTPELLIER ROUSSILLON 1;08674Z19;LA COUPOLE 329 RUE LEON BLUM 34000 MONTPELLIER;cs;OUI
296218;Mme;nom_029;Prenom_029;RESPONSABLE D'EQUIPE CENTRE BANQUE PRIVEE;04 99 52 42 96;nom_029.Prenom_029@bnpparibas.com;6;13240986;106016;REGION OCCITANIE;8058000;CENTRE BANQUE PRIVEE MONTPELLIER ROUSSILLON;8674000;CBP EQUIPE MONTPELLIER ROUSSILLON 2;08674T20;ACTION COMMERCIALE CBP EQUIPE MONTPELLIER ROUSSILLON 2;08674Z29;LA COUPOLE 329 RUE LEON BLUM 34000 MONTPELLIER;cs;OUI
106859;Mme;nom_030;Prenom_030;RESPONSABLE D'EQUIPE CENTRE BANQUE PRIVEE;04 68 35 78 10;nom_030.Prenom_030@bnpparibas.com;1;13272607;100177;REGION OCCITANIE;8058000;CENTRE BANQUE PRIVEE MONTPELLIER ROUSSILLON;8674000;CBP EQUIPE MONTPELLIER ROUSSILLON 4;08674T40;ACTION COMMERCIALE CBP EQUIPE MONTPELLIER ROUSSILLON 4;08674Z99;29 RUE VAUBAN 66000 PERPIGNAN;cs;OUI
281019;M.;nom_031;Prenom_031;ASSISTANT CLIENT BANQUE PRIVEE;0 1 53 00 60 51;nom_031.Prenom_031@bnpparibas.com;4;13236335;104328;REGION PARIS;8054000;CENTRE BANQUE PRIVEE PARIS EXCLUSIVE;2714000;CBP EQUIPE PARIS EXCLUSIVE 2;02714T20;APPUI COMMERCIAL CBP EQUIPE PARIS EXCLUSIVE 2;02714Z94;40 RUE NOTRE DAME DES VICTOIRES 75002 PARIS 02;cs;OUI
137398;Mme;nom_032;Prenom_032;ASSISTANT CLIENT BANQUE PRIVEE;01 53 00 60 09;nom_032.Prenom_032@bnpparibas.com;5;13236335;104328;REGION PARIS;8054000;CENTRE BANQUE PRIVEE PARIS EXCLUSIVE;2714000;CBP EQUIPE PARIS EXCLUSIVE 2;02714T20;APPUI COMMERCIAL CBP EQUIPE PARIS EXCLUSIVE 2;02714Z94;40 RUE NOTRE DAME DES VICTOIRES 75002 PARIS 02;cs;OUI
132728;Mme;nom_033;Prenom_033;ASSISTANT CLIENT BANQUE PRIVEE;01 55 35 93 68;nom_033.Prenom_033@bnpparibas.com;5;13236335;104328;REGION PARIS;8054000;CENTRE BANQUE PRIVEE PARIS EXCLUSIVE;2714000;CBP EQUIPE PARIS EXCLUSIVE 2;02714T20;APPUI COMMERCIAL CBP EQUIPE PARIS EXCLUSIVE 2;02714Z94;40 RUE NOTRE DAME DES VICTOIRES 75002 PARIS 02;cs;OUI
136714;M.;nom_034;Prenom_034;ASSISTANT CLIENT BANQUE PRIVEE;01 53 00 60 10;nom_034.Prenom_034@bnpparibas.com;4;13236318;104328;REGION PARIS;8054000;CENTRE BANQUE PRIVEE PARIS EXCLUSIVE;2714000;CBP EQUIPE PARIS EXCLUSIVE 1;02714T10;ACTION COMMERCIALE CBP EQUIPE PARIS EXCLUSIVE 1;02714Z19;40 RUE NOTRE DAME DES VICTOIRES 75002 PARIS 02;cs;OUI
b82455;M.;nom_035;Prenom_035;ASSISTANT CLIENT BANQUE PRIVEE;01 53 00 60 20;nom_035.Prenom_035@bnpparibas.com;5;13236335;104328;REGION PARIS;8054000;CENTRE BANQUE PRIVEE PARIS EXCLUSIVE;2714000;CBP EQUIPE PARIS EXCLUSIVE 2;02714T20;APPUI COMMERCIAL CBP EQUIPE PARIS EXCLUSIVE 2;02714Z94;40 RUE NOTRE DAME DES VICTOIRES 75002 PARIS 02;cs;OUI
b81867;M.;nom_036;Prenom_036;CONSEIL EN BANQUE PRIVEE PARTICULIER;01 53 00 60 62;nom_036.Prenom_036@bnpparibas.com;0;13270445;104328;REGION PARIS;8054000;CENTRE BANQUE PRIVEE PARIS EXCLUSIVE;2714000;CBP EQUIPE PARIS EXCLUSIVE 3;02714T30;ACTION COMMERCIALE CBP EQUIPE PARIS EXCLUSIVE 3;02714Z99;40 RUE NOTRE DAME DES VICTOIRES 75002 PARIS 02;cs;OUI
511576;Mme;nom_037;Prenom_037;CONSEIL EN BANQUE PRIVEE ENTREPRENEUR;01 55 35 04 62;nom_037.Prenom_037@bnpparibas.com;4;13236318;104328;REGION PARIS;8054000;CENTRE BANQUE PRIVEE PARIS EXCLUSIVE;2714000;CBP EQUIPE PARIS EXCLUSIVE 1;02714T10;ACTION COMMERCIALE CBP EQUIPE PARIS EXCLUSIVE 1;02714Z19;40 RUE NOTRE DAME DES VICTOIRES 75002 PARIS 02;cs;OUI
535495;M.;nom_038;Prenom_038;CONSEIL EN BANQUE PRIVEE ENTREPRENEUR;01 55 35 04 61;nom_038.Prenom_038@bnpparibas.com;4;13236318;104328;REGION PARIS;8054000;CENTRE BANQUE PRIVEE PARIS EXCLUSIVE;2714000;CBP EQUIPE PARIS EXCLUSIVE 1;02714T10;ACTION COMMERCIALE CBP EQUIPE PARIS EXCLUSIVE 1;02714Z19;40 RUE NOTRE DAME DES VICTOIRES 75002 PARIS 02;cs;OUI
197333;Mme;nom_039;Prenom_039;CONSEIL EN BANQUE PRIVEE ENTREPRENEUR;01 55 35 04 63;nom_039.Prenom_039@bnpparibas.com;5;13236334;104328;REGION PARIS;8054000;CENTRE BANQUE PRIVEE PARIS EXCLUSIVE;2714000;CBP EQUIPE PARIS EXCLUSIVE 2;02714T20;ACTION COMMERCIALE CBP EQUIPE PARIS EXCLUSIVE 2;02714Z95;40 RUE NOTRE DAME DES VICTOIRES 75002 PARIS 02;cs;OUI
112071;Mme;nom_040;Prenom_040;CONSEIL EN BANQUE PRIVEE ENTREPRENEUR;01 53 00 60 69;nom_040.Prenom_040@bnpparibas.com;4;13236318;104328;REGION PARIS;8054000;CENTRE BANQUE PRIVEE PARIS EXCLUSIVE;2714000;CBP EQUIPE PARIS EXCLUSIVE 1;02714T10;ACTION COMMERCIALE CBP EQUIPE PARIS EXCLUSIVE 1;02714Z19;40 RUE NOTRE DAME DES VICTOIRES 75002 PARIS 02;cs;OUI
b43007;Mme;nom_041;Prenom_041;CONSEIL EN BANQUE PRIVEE ENTREPRENEUR;01 53 00 60 43;nom_041.Prenom_041@bnpparibas.com;5;13236334;104328;REGION PARIS;8054000;CENTRE BANQUE PRIVEE PARIS EXCLUSIVE;2714000;CBP EQUIPE PARIS EXCLUSIVE 2;02714T20;ACTION COMMERCIALE CBP EQUIPE PARIS EXCLUSIVE 2;02714Z95;40 RUE NOTRE DAME DES VICTOIRES 75002 PARIS 02;cs;OUI
a05719;Mme;nom_042;Prenom_042;CONSEIL EN BANQUE PRIVEE ENTREPRENEUR;01 55 35 93 69 ;nom_042.Prenom_042@bnpparibas.com;4;;104328;REGION PARIS;8054000;CENTRE BANQUE PRIVEE PARIS EXCLUSIVE;2714000;;;;;40 RUE NOTRE DAME DES VICTOIRES 75002 PARIS 02;cs;OUI
210342;M.;nom_043;Prenom_043;CONSEIL EN BANQUE PRIVEE PARTICULIER;01 53 00 60 60;nom_043.Prenom_043@bnpparibas.com;4;13236318;104328;REGION PARIS;8054000;CENTRE BANQUE PRIVEE PARIS EXCLUSIVE;2714000;CBP EQUIPE PARIS EXCLUSIVE 1;02714T10;ACTION COMMERCIALE CBP EQUIPE PARIS EXCLUSIVE 1;02714Z19;40 RUE NOTRE DAME DES VICTOIRES 75002 PARIS 02;cs;OUI
b01003;M.;nom_044;Prenom_044;CONSEIL EN BANQUE PRIVEE PARTICULIER;01 55 35 93 65;nom_044.Prenom_044@bnpparibas.com;4;13236334;104328;REGION PARIS;8054000;CENTRE BANQUE PRIVEE PARIS EXCLUSIVE;2714000;CBP EQUIPE PARIS EXCLUSIVE 2;02714T20;ACTION COMMERCIALE CBP EQUIPE PARIS EXCLUSIVE 2;02714Z95;40 RUE NOTRE DAME DES VICTOIRES 75002 PARIS 02;cs;OUI
998731;Mme;nom_045;Prenom_045;CONSEIL EN BANQUE PRIVEE PARTICULIER;01 53 00 60 67;nom_045.Prenom_045@bnpparibas.com;5;13236334;104328;REGION PARIS;8054000;CENTRE BANQUE PRIVEE PARIS EXCLUSIVE;2714000;CBP EQUIPE PARIS EXCLUSIVE 2;02714T20;ACTION COMMERCIALE CBP EQUIPE PARIS EXCLUSIVE 2;02714Z95;40 RUE NOTRE DAME DES VICTOIRES 75002 PARIS 02;cs;OUI
990738;M.;nom_046;Prenom_046;CONSEIL EN BANQUE PRIVEE PARTICULIER;01 53 00 60 26;nom_046.Prenom_046@bnpparibas.com;5;13236334;104328;REGION PARIS;8054000;CENTRE BANQUE PRIVEE PARIS EXCLUSIVE;2714000;CBP EQUIPE PARIS EXCLUSIVE 2;02714T20;ACTION COMMERCIALE CBP EQUIPE PARIS EXCLUSIVE 2;02714Z95;40 RUE NOTRE DAME DES VICTOIRES 75002 PARIS 02;cs;OUI
134836;M.;nom_047;Prenom_047;RESPONSABLE CENTRE BANQUE PRIVEE;01 55 35 93 63;nom_047.Prenom_047@bnpparibas.com;5;13236315;104328;REGION PARIS;8054000;CENTRE BANQUE PRIVEE PARIS EXCLUSIVE;2714000;PILOTAGE CENTRE BANQUE PRIVEE PARIS EXCLUSIVE;02714Z96;PILOTAGE CENTRE BANQUE PRIVEE PARIS EXCLUSIVE;02714Z96;40 RUE NOTRE DAME DES VICTOIRES 75002 PARIS 02;cs;OUI
338666;Mme;nom_048;Prenom_048;RESPONSABLE D'EQUIPE CENTRE BANQUE PRIVEE;01 53 00 60 46;nom_048.Prenom_048@bnpparibas.com;4;13236318;104328;REGION PARIS;8054000;CENTRE BANQUE PRIVEE PARIS EXCLUSIVE;2714000;CBP EQUIPE PARIS EXCLUSIVE 1;02714T10;ACTION COMMERCIALE CBP EQUIPE PARIS EXCLUSIVE 1;02714Z19;40 RUE NOTRE DAME DES VICTOIRES 75002 PARIS 02;cs;OUI
343685;Mme ;nom_049;Prenom_049;RESPONSABLE D'EQUIPE CENTRE BANQUE PRIVEE;01 53 00 60 45;nom_049.Prenom_049@bnpparibas.com;5;;104328;REGION PARIS;8054000;CENTRE BANQUE PRIVEE PARIS EXCLUSIVE;2714000;;;;;40 RUE NOTRE DAME DES VICTOIRES 75002 PARIS 02;cs;OUI
466453;Mme;nom_050;Prenom_050;ASSISTANT CLIENT BANQUE PRIVEE;01 56 28 53 27;nom_050.Prenom_050@bnpparibas.com;3;13239793;100223;REGION PARIS;8054000;CENTRE BANQUE PRIVEE PARIS XVI EME;8587000;CBP EQUIPE PARIS XVI EME 3;08587T30;APPUI COMMERCIAL CBP EQUIPE PARIS XVI EME 3;08587Z38;8 RUE CIMAROSA 75016 PARIS 16;cs;OUI
112262;Mme;nom_051;Prenom_051;ASSISTANT CLIENT BANQUE PRIVEE;01 56 28 53 57;nom_051.Prenom_051@bnpparibas.com;3;13239654;100223;REGION PARIS;8054000;CENTRE BANQUE PRIVEE PARIS XVI EME;8587000;CBP EQUIPE PARIS XVI EME 2;08587T20;APPUI COMMERCIAL CBP EQUIPE PARIS XVI EME 2;08587Z28;8 RUE CIMAROSA 75016 PARIS 16;cs;OUI
918003;Mme;nom_052;Prenom_052;ASSISTANT CLIENT BANQUE PRIVEE;01 56 28 53 53;nom_052.Prenom_052@bnpparibas.com;2;13239793;100223;REGION PARIS;8054000;CENTRE BANQUE PRIVEE PARIS XVI EME;8587000;CBP EQUIPE PARIS XVI EME 3;08587T30;APPUI COMMERCIAL CBP EQUIPE PARIS XVI EME 3;08587Z38;8 RUE CIMAROSA 75016 PARIS 16;cs;OUI
298814;Mme;nom_053;Prenom_053;ASSISTANT CLIENT BANQUE PRIVEE;01 56 28 53 86;nom_053.Prenom_053@bnpparibas.com;1;13239634;100223;REGION PARIS;8054000;CENTRE BANQUE PRIVEE PARIS XVI EME;8587000;CBP EQUIPE PARIS XVI EME 1;08587T10;APPUI COMMERCIAL CBP EQUIPE PARIS XVI EME 1;08587Z18;8 RUE CIMAROSA 75016 PARIS 16;cs;OUI
235385;Mme;nom_054;Prenom_054;ASSISTANT CLIENT BANQUE PRIVEE;01 56 28 53 54;nom_054.Prenom_054@bnpparibas.com;0;13239754;100223;REGION PARIS;8054000;CENTRE BANQUE PRIVEE PARIS XVI EME;8587000;CBP EQUIPE PARIS XVI EME 4;08587T40;APPUI COMMERCIAL CBP EQUIPE PARIS XVI EME 4;08587Z94;8 RUE CIMAROSA 75016 PARIS 16;cs;OUI
125127;Mme;nom_055;Prenom_055;ASSISTANT CLIENT BANQUE PRIVEE;01 56 28 53 56;nom_055.Prenom_055@bnpparibas.com;3;13239654;100223;REGION PARIS;8054000;CENTRE BANQUE PRIVEE PARIS XVI EME;8587000;CBP EQUIPE PARIS XVI EME 2;08587T20;APPUI COMMERCIAL CBP EQUIPE PARIS XVI EME 2;08587Z28;8 RUE CIMAROSA 75016 PARIS 16;cs;OUI
248280;Mme;nom_056;Prenom_056;ASSISTANT CLIENT BANQUE PRIVEE;01 56 28 53 26;nom_056.Prenom_056@bnpparibas.com;3;13239654;100223;REGION PARIS;8054000;CENTRE BANQUE PRIVEE PARIS XVI EME;8587000;CBP EQUIPE PARIS XVI EME 2;08587T20;APPUI COMMERCIAL CBP EQUIPE PARIS XVI EME 2;08587Z28;8 RUE CIMAROSA 75016 PARIS 16;cs;OUI
131266;Mme;nom_057;Prenom_057;ASSISTANT CLIENT BANQUE PRIVEE;01 56 28 53 58;nom_057.Prenom_057@bnpparibas.com;1;13239634;100223;REGION PARIS;8054000;CENTRE BANQUE PRIVEE PARIS XVI EME;8587000;CBP EQUIPE PARIS XVI EME 1;08587T10;APPUI COMMERCIAL CBP EQUIPE PARIS XVI EME 1;08587Z18;8 RUE CIMAROSA 75016 PARIS 16;cs;OUI
181003;Mme;nom_058;Prenom_058;ASSISTANT CLIENT BANQUE PRIVEE;01 56 28 53 46;nom_058.Prenom_058@bnpparibas.com;2;13239754;100223;REGION PARIS;8054000;CENTRE BANQUE PRIVEE PARIS XVI EME;8587000;CBP EQUIPE PARIS XVI EME 4;08587T40;APPUI COMMERCIAL CBP EQUIPE PARIS XVI EME 4;08587Z94;8 RUE CIMAROSA 75016 PARIS 16;cs;OUI
264376;Mme;nom_059;Prenom_059;ASSISTANT CLIENT BANQUE PRIVEE;01 56 28 53 81;nom_059.Prenom_059@bnpparibas.com;1;13239793;100223;REGION PARIS;8054000;CENTRE BANQUE PRIVEE PARIS XVI EME;8587000;CBP EQUIPE PARIS XVI EME 3;08587T30;APPUI COMMERCIAL CBP EQUIPE PARIS XVI EME 3;08587Z38;8 RUE CIMAROSA 75016 PARIS 16;cs;OUI
474528;Mme;nom_060;Prenom_060;ASSISTANT CLIENT BANQUE PRIVEE;01 56 28 53 45;nom_060.Prenom_060@bnpparibas.com;2;13239793;100223;REGION PARIS;8054000;CENTRE BANQUE PRIVEE PARIS XVI EME;8587000;CBP EQUIPE PARIS XVI EME 3;08587T30;APPUI COMMERCIAL CBP EQUIPE PARIS XVI EME 3;08587Z38;8 RUE CIMAROSA 75016 PARIS 16;cs;OUI
c67014;Mme;nom_061;Prenom_061;ASSISTANT CLIENT BANQUE PRIVEE;01 56 28 53 64;nom_061.Prenom_061@bnpparibas.com;3;;100223;REGION PARIS;;CENTRE BANQUE PRIVEE PARIS XVI EME;;;;;;8 RUE CIMAROSA 75016 PARIS 16;cs;OUI
135818;Mme;nom_062;Prenom_062;ASSISTANT CLIENT BANQUE PRIVEE;01 56 28 53 47;nom_062.Prenom_062@bnpparibas.com;-;;100223;REGION PARIS;8054000;;;;;;08054Z91;8 RUE CIMAROSA PARIS 16 FRANCE;cs;
b75331;Mme;nom_063;Prenom_063;CONSEIL EN BANQUE PRIVEE PARTICULIER;01 56 28 53 65;nom_063.Prenom_063@bnpparibas.com;2;13239753;100223;REGION PARIS;8054000;CENTRE BANQUE PRIVEE PARIS XVI EME;8587000;CBP EQUIPE PARIS XVI EME 4;08587T40;ACTION COMMERCIALE CBP EQUIPE PARIS XVI EME 4;08587Z95;8 RUE CIMAROSA 75016 PARIS 16;cs;OUI
d32746;Mme;nom_064;Prenom_064;CONSEIL EN BANQUE PRIVEE PARTICULIER;01 56 28 53 24;nom_064.Prenom_064@bnpparibas.com;1;;100223;REGION PARIS;;CENTRE BANQUE PRIVEE PARIS XVI EME;;;;;;8 RUE CIMAROSA 75016 PARIS 16;cs;OUI
a60080;M.;nom_065;Prenom_065;CONSEIL EN BANQUE PRIVEE ENTREPRENEUR;01 56 28 53 34;nom_065.Prenom_065@bnpparibas.com;3;13239792;100223;REGION PARIS;8054000;CENTRE BANQUE PRIVEE PARIS XVI EME;8587000;CBP EQUIPE PARIS XVI EME 3;08587T30;ACTION COMMERCIALE CBP EQUIPE PARIS XVI EME 3;08587Z39;8 RUE CIMAROSA 75016 PARIS 16;cs;OUI
497241;M.;nom_066;Prenom_066;CONSEIL EN BANQUE PRIVEE ENTREPRENEUR;01 56 28 53 42;nom_066.Prenom_066@bnpparibas.com;2;13239753;100223;REGION PARIS;8054000;CENTRE BANQUE PRIVEE PARIS XVI EME;8587000;CBP EQUIPE PARIS XVI EME 4;08587T40;ACTION COMMERCIALE CBP EQUIPE PARIS XVI EME 4;08587Z95;8 RUE CIMAROSA 75016 PARIS 16;cs;OUI
123784;Mme;nom_067;Prenom_067;CONSEIL EN BANQUE PRIVEE ENTREPRENEUR;01 56 28 53 49;nom_067.Prenom_067@bnpparibas.com;1;13239633;100223;REGION PARIS;8054000;CENTRE BANQUE PRIVEE PARIS XVI EME;8587000;CBP EQUIPE PARIS XVI EME 1;08587T10;ACTION COMMERCIALE CBP EQUIPE PARIS XVI EME 1;08587Z19;8 RUE CIMAROSA 75016 PARIS 16;cs;OUI
915265;M.;nom_068;Prenom_068;CONSEIL EN BANQUE PRIVEE ENTREPRENEUR;01 56 28 53 52;nom_068.Prenom_068@bnpparibas.com;3;13239653;100223;REGION PARIS;8054000;CENTRE BANQUE PRIVEE PARIS XVI EME;8587000;CBP EQUIPE PARIS XVI EME 2;08587T20;ACTION COMMERCIALE CBP EQUIPE PARIS XVI EME 2;08587Z29;8 RUE CIMAROSA 75016 PARIS 16;cs;OUI
463398;M.;nom_069;Prenom_069;CONSEIL EN BANQUE PRIVEE GRANDES RELATIONS;01 56 28 53 30;nom_069.Prenom_069@bnpparibas.com;3;13239653;100223;REGION PARIS;8054000;CENTRE BANQUE PRIVEE PARIS XVI EME;8587000;CBP EQUIPE PARIS XVI EME 2;08587T20;ACTION COMMERCIALE CBP EQUIPE PARIS XVI EME 2;08587Z29;8 RUE CIMAROSA 75016 PARIS 16;cs;OUI
346436;Mme;nom_070;Prenom_070;CONSEIL EN BANQUE PRIVEE GRANDES RELATIONS;01 56 28 53 35;nom_070.Prenom_070@bnpparibas.com;2;13239753;100223;REGION PARIS;8054000;CENTRE BANQUE PRIVEE PARIS XVI EME;8587000;CBP EQUIPE PARIS XVI EME 4;08587T40;ACTION COMMERCIALE CBP EQUIPE PARIS XVI EME 4;08587Z95;8 RUE CIMAROSA 75016 PARIS 16;cs;OUI
b52673;M.;nom_071;Prenom_071;CONSEIL EN BANQUE PRIVEE GRANDES RELATIONS;01 56 28 53 59;nom_071.Prenom_071@bnpparibas.com;2;13239792;100223;REGION PARIS;8054000;CENTRE BANQUE PRIVEE PARIS XVI EME;8587000;CBP EQUIPE PARIS XVI EME 3;08587T30;ACTION COMMERCIALE CBP EQUIPE PARIS XVI EME 3;08587Z39;8 RUE CIMAROSA 75016 PARIS 16;cs;OUI
326151;Mme;nom_072;Prenom_072;CONSEIL EN BANQUE PRIVEE GRANDES RELATIONS;01 56 28 53 88;nom_072.Prenom_072@bnpparibas.com;1;13239633;100223;REGION PARIS;8054000;CENTRE BANQUE PRIVEE PARIS XVI EME;8587000;CBP EQUIPE PARIS XVI EME 1;08587T10;ACTION COMMERCIALE CBP EQUIPE PARIS XVI EME 1;08587Z19;8 RUE CIMAROSA 75016 PARIS 16;cs;OUI
365611;M.;nom_073;Prenom_073;CONSEIL EN BANQUE PRIVEE GRANDES RELATIONS;01 56 28 53 39;nom_073.Prenom_073@bnpparibas.com;3;;100223;REGION PARIS;;CENTRE BANQUE PRIVEE PARIS XVI EME;;;;;;8 RUE CIMAROSA 75016 PARIS 16;cs;OUI
b67653;Mme;nom_074;Prenom_074;CONSEIL EN BANQUE PRIVEE PARTICULIER;01 56 28 53 77 ;nom_074.Prenom_074@bnpparibas.com;3;13239653;100223;REGION PARIS;8054000;CENTRE BANQUE PRIVEE PARIS XVI EME;8587000;CBP EQUIPE PARIS XVI EME 2;08587T20;ACTION COMMERCIALE CBP EQUIPE PARIS XVI EME 2;08587Z29;8 RUE CIMAROSA 75016 PARIS 16;cs;OUI
931585;Mme;nom_075;Prenom_075;CONSEIL EN BANQUE PRIVEE PARTICULIER;01 56 28 53 41;nom_075.Prenom_075@bnpparibas.com;3;13239653;100223;REGION PARIS;8054000;CENTRE BANQUE PRIVEE PARIS XVI EME;8587000;CBP EQUIPE PARIS XVI EME 2;08587T20;ACTION COMMERCIALE CBP EQUIPE PARIS XVI EME 2;08587Z29;8 RUE CIMAROSA 75016 PARIS 16;cs;OUI
a33609;Mme;nom_076;Prenom_076;CONSEIL EN BANQUE PRIVEE PARTICULIER;01 56 28 53 37;nom_076.Prenom_076@bnpparibas.com;1;13239792;100223;REGION PARIS;8054000;CENTRE BANQUE PRIVEE PARIS XVI EME;8587000;CBP EQUIPE PARIS XVI EME 3;08587T30;ACTION COMMERCIALE CBP EQUIPE PARIS XVI EME 3;08587Z39;8 RUE CIMAROSA 75016 PARIS 16;cs;OUI
956749;Mme;nom_077;Prenom_077;CONSEIL EN BANQUE PRIVEE PARTICULIER;01 56 28 53 43;nom_077.Prenom_077@bnpparibas.com;1;13239633;100223;REGION PARIS;8054000;CENTRE BANQUE PRIVEE PARIS XVI EME;8587000;CBP EQUIPE PARIS XVI EME 1;08587T10;ACTION COMMERCIALE CBP EQUIPE PARIS XVI EME 1;08587Z19;8 RUE CIMAROSA 75016 PARIS 16;cs;OUI
c30361;M.;nom_078;Prenom_078;CONSEIL EN BANQUE PRIVEE PARTICULIER;01 56 28 53 47;nom_078.Prenom_078@bnpparibas.com;1;13239633;100223;REGION PARIS;8054000;CENTRE BANQUE PRIVEE PARIS XVI EME;8587000;CBP EQUIPE PARIS XVI EME 1;08587T10;ACTION COMMERCIALE CBP EQUIPE PARIS XVI EME 1;08587Z19;8 RUE CIMAROSA 75016 PARIS 16;cs;OUI
975486;M.;nom_079;Prenom_079;CONSEIL EN BANQUE PRIVEE PARTICULIER;01 56 28 53 44;nom_079.Prenom_079@bnpparibas.com;2;13239753;100223;REGION PARIS;8054000;CENTRE BANQUE PRIVEE PARIS XVI EME;8587000;CBP EQUIPE PARIS XVI EME 4;08587T40;ACTION COMMERCIALE CBP EQUIPE PARIS XVI EME 4;08587Z95;8 RUE CIMAROSA 75016 PARIS 16;cs;OUI
b03354;M.;nom_080;Prenom_080;CONSEIL EN BANQUE PRIVEE PARTICULIER;01 56 28 53 51;nom_080.Prenom_080@bnpparibas.com;3;13239653;100223;REGION PARIS;8054000;CENTRE BANQUE PRIVEE PARIS XVI EME;8587000;CBP EQUIPE PARIS XVI EME 2;08587T20;ACTION COMMERCIALE CBP EQUIPE PARIS XVI EME 2;08587Z29;8 RUE CIMAROSA 75016 PARIS 16;cs;OUI
b75330;Mme;nom_081;Prenom_081;CONSEIL EN BANQUE PRIVEE PARTICULIER;01 56 28 53 36;nom_081.Prenom_081@bnpparibas.com;2;13239753;100223;REGION PARIS;8054000;CENTRE BANQUE PRIVEE PARIS XVI EME;8587000;CBP EQUIPE PARIS XVI EME 4;08587T40;ACTION COMMERCIALE CBP EQUIPE PARIS XVI EME 4;08587Z95;8 RUE CIMAROSA 75016 PARIS 16;cs;OUI
b83376;M.;nom_082;Prenom_082;CONSEIL EN BANQUE PRIVEE PARTICULIER;01 56 28 53 25;nom_082.Prenom_082@bnpparibas.com;2;13239753;100223;REGION PARIS;8054000;CENTRE BANQUE PRIVEE PARIS XVI EME;8587000;CBP EQUIPE PARIS XVI EME 4;08587T40;ACTION COMMERCIALE CBP EQUIPE PARIS XVI EME 4;08587Z95;8 RUE CIMAROSA 75016 PARIS 16;cs;OUI
360668;Mme;nom_083;Prenom_083;CONSEIL EN BANQUE PRIVEE PARTICULIER;01 56 28 53 84;nom_083.Prenom_083@bnpparibas.com;1;13239792;100223;REGION PARIS;8054000;CENTRE BANQUE PRIVEE PARIS XVI EME;8587000;CBP EQUIPE PARIS XVI EME 3;08587T30;ACTION COMMERCIALE CBP EQUIPE PARIS XVI EME 3;08587Z39;8 RUE CIMAROSA 75016 PARIS 16;cs;OUI
841345;M.;nom_084;Prenom_084;RESPONSABLE D'EQUIPE CENTRE BANQUE PRIVEE;01 56 28 53 33;nom_084.Prenom_084@bnpparibas.com;1;13239633;100223;REGION PARIS;8054000;CENTRE BANQUE PRIVEE PARIS XVI EME;8587000;CBP EQUIPE PARIS XVI EME 1;08587T10;ACTION COMMERCIALE CBP EQUIPE PARIS XVI EME 1;08587Z19;8 RUE CIMAROSA 75016 PARIS 16;cs;OUI
561248;M.;nom_085;Prenom_085;RESPONSABLE D'EQUIPE CENTRE BANQUE PRIVEE;01 56 28 53 32;nom_085.Prenom_085@bnpparibas.com;2;13239753;100223;REGION PARIS;8054000;CENTRE BANQUE PRIVEE PARIS XVI EME;8587000;CBP EQUIPE PARIS XVI EME 4;08587T40;ACTION COMMERCIALE CBP EQUIPE PARIS XVI EME 4;08587Z95;8 RUE CIMAROSA 75016 PARIS 16;cs;OUI
413370;Mme;nom_086;Prenom_086;RESPONSABLE D'EQUIPE CENTRE BANQUE PRIVEE;01 56 28 53 40;nom_086.Prenom_086@bnpparibas.com;3;13239653;100223;REGION PARIS;8054000;CENTRE BANQUE PRIVEE PARIS XVI EME;8587000;CBP EQUIPE PARIS XVI EME 2;08587T20;ACTION COMMERCIALE CBP EQUIPE PARIS XVI EME 2;08587Z29;8 RUE CIMAROSA 75016 PARIS 16;cs;OUI
135729;Mme;nom_087;Prenom_087;ASSISTANT CLIENT BANQUE PRIVEE;05 55 18 83 31;nom_087.Prenom_087@bnpparibas.com;0;13256135;100171;REGION OCCITANIE;8058000;CENTRE BANQUE PRIVEE TOULOUSE NORD OCCITANIE;8398000;CBP EQUIPE TOULOUSE NORD OCCITANIE 3;08398T30;APPUI COMMERCIAL CBP EQUIPE TOULOUSE NORD OCCITANIE 3;08398Z38;23 BOULEVARD DU GENERAL KOENIG 19106 BRIVE LA GAILLARDE CEDEX;cs;OUI
121632;Mme;nom_088;Prenom_088;ASSISTANT CLIENT BANQUE PRIVEE;05 63 72 83 26;nom_088.Prenom_088@bnpparibas.com;2;13237814;100175;REGION OCCITANIE;8058000;CENTRE BANQUE PRIVEE TOULOUSE NORD OCCITANIE;8398000;CBP EQUIPE TOULOUSE NORD OCCITANIE 1;08398T10;APPUI COMMERCIAL CBP EQUIPE TOULOUSE NORD OCCITANIE 1;08398Z18;4 PLACE JEAN JAURES 81101 CASTRES CEDEX;cs;OUI
130862;Mme;nom_089;Prenom_089;ASSISTANT CLIENT BANQUE PRIVEE;05 63 80 83 06;nom_089.Prenom_089@bnpparibas.com;1;13237814;100859;REGION OCCITANIE;8058000;CENTRE BANQUE PRIVEE TOULOUSE NORD OCCITANIE;8398000;CBP EQUIPE TOULOUSE NORD OCCITANIE 1;08398T10;APPUI COMMERCIAL CBP EQUIPE TOULOUSE NORD OCCITANIE 1;08398Z18;3 LICES JEAN MOULIN 81001 ALBI CEDEX;cs;OUI
233484;Mme;nom_090;Prenom_090;ASSISTANT CLIENT BANQUE PRIVEE;05 63 22 73 30;nom_090.Prenom_090@bnpparibas.com;0;13237854;106477;REGION OCCITANIE;8058000;CENTRE BANQUE PRIVEE TOULOUSE NORD OCCITANIE;8398000;CBP EQUIPE TOULOUSE NORD D'OCCITANIE 2;08398T20;APPUI COMMERCIAL CBP EQUIPE TOULOUSE NORD D'OCCITANIE 2;08398Z28;16 ALLEE DE MORTARIEU 82000 MONTAUBAN;cs;OUI
137034;Mme;nom_091;Prenom_091;ASSISTANT CLIENT BANQUE PRIVEE;05 65 73 32 27;nom_091.Prenom_091@bnpparibas.com;2;13237854;121394;REGION OCCITANIE;8058000;CENTRE BANQUE PRIVEE TOULOUSE NORD OCCITANIE;8398000;CBP EQUIPE TOULOUSE NORD D'OCCITANIE 2;08398T20;APPUI COMMERCIAL CBP EQUIPE TOULOUSE NORD D'OCCITANIE 2;08398Z28;LE VINCI II BAT C 2 AVENUE Jean MONNET 12000 RODEZ;cs;OUI
931648;M.;nom_092;Prenom_092;CONSEIL EN BANQUE PRIVEE ACTIONNAIRES DIRIGEANTS;05 34 27 32 01;nom_092.Prenom_092@bnpparibas.com;0;13237813;107150;REGION OCCITANIE;8058000;CENTRE BANQUE PRIVEE TOULOUSE NORD OCCITANIE;8398000;CBP EQUIPE TOULOUSE NORD OCCITANIE 1;08398T10;ACTION COMMERCIALE CBP EQUIPE TOULOUSE NORD OCCITANIE 1;08398Z19;Les Ambassadeurs II - Batiment C1 1 ALLEE DES NYMPHEAS 31240 L UNION;cs;OUI
204607;Mme;nom_093;Prenom_093;CONSEIL EN BANQUE PRIVEE ENTREPRENEUR;04 71 43 42 32;nom_093.Prenom_093@bnpparibas.com;0;13237853;100815;REGION OCCITANIE;8058000;CENTRE BANQUE PRIVEE TOULOUSE NORD OCCITANIE;8398000;CBP EQUIPE TOULOUSE NORD D'OCCITANIE 2;08398T20;ACTION COMMERCIALE CBP EQUIPE TOULOUSE NORD D'OCCITANIE 2;08398Z29;3 PLACE DU SQUARE 15001 AURILLAC CEDEX;cs;OUI
112626;M.;nom_094;Prenom_094;CONSEIL EN BANQUE PRIVEE ENTREPRENEUR;05 65 73 32 23;nom_094.Prenom_094@bnpparibas.com;2;13237853;121394;REGION OCCITANIE;8058000;CENTRE BANQUE PRIVEE TOULOUSE NORD OCCITANIE;8398000;CBP EQUIPE TOULOUSE NORD D'OCCITANIE 2;08398T20;ACTION COMMERCIALE CBP EQUIPE TOULOUSE NORD D'OCCITANIE 2;08398Z29;LE VINCI II BAT C 2 AVENUE Jean MONNET 12000 RODEZ;cs;OUI
307720;Mme;nom_095;Prenom_095;CONSEIL EN BANQUE PRIVEE PARTICULIER;05 55 18 83 30;nom_095.Prenom_095@bnpparibas.com;1;13256134;100171;REGION OCCITANIE;8058000;CENTRE BANQUE PRIVEE TOULOUSE NORD OCCITANIE;8398000;CBP EQUIPE TOULOUSE NORD OCCITANIE 3;08398T30;ACTION COMMERCIALE CBP EQUIPE TOULOUSE NORD OCCITANIE 3;08398Z39;23 BOULEVARD DU GENERAL KOENIG 19106 BRIVE LA GAILLARDE CEDEX;cs;OUI
116202;Mme;nom_096;Prenom_096;CONSEIL EN BANQUE PRIVEE PARTICULIER;05 55 18 83 28;nom_096.Prenom_096@bnpparibas.com;1;13256134;100171;REGION OCCITANIE;8058000;CENTRE BANQUE PRIVEE TOULOUSE NORD OCCITANIE;8398000;CBP EQUIPE TOULOUSE NORD OCCITANIE 3;08398T30;ACTION COMMERCIALE CBP EQUIPE TOULOUSE NORD OCCITANIE 3;08398Z39;23 BOULEVARD DU GENERAL KOENIG 19106 BRIVE LA GAILLARDE CEDEX;cs;OUI
346112;Mme;nom_097;Prenom_097;CONSEIL EN BANQUE PRIVEE PARTICULIER;05 63 72 83 11;nom_097.Prenom_097@bnpparibas.com;2;13237813;100175;REGION OCCITANIE;8058000;CENTRE BANQUE PRIVEE TOULOUSE NORD OCCITANIE;8398000;CBP EQUIPE TOULOUSE NORD OCCITANIE 1;08398T10;ACTION COMMERCIALE CBP EQUIPE TOULOUSE NORD OCCITANIE 1;08398Z19;4 PLACE JEAN JAURES 81101 CASTRES CEDEX;cs;OUI
697107;Mme;nom_098;Prenom_098;CONSEIL EN BANQUE PRIVEE PARTICULIER;05 65 61 95 74;nom_098.Prenom_098@bnpparibas.com;0;13237853;100814;REGION OCCITANIE;8058000;CENTRE BANQUE PRIVEE TOULOUSE NORD OCCITANIE;8398000;CBP EQUIPE TOULOUSE NORD D'OCCITANIE 2;08398T20;ACTION COMMERCIALE CBP EQUIPE TOULOUSE NORD D'OCCITANIE 2;08398Z29;2 AVENUE ALFRED MERLE 12100 MILLAU;cs;OUI
227344;Mme;nom_099;Prenom_099;CONSEIL EN BANQUE PRIVEE PARTICULIER;05 63 80 83 02;nom_099.Prenom_099@bnpparibas.com;1;13237813;100859;REGION OCCITANIE;8058000;CENTRE BANQUE PRIVEE TOULOUSE NORD OCCITANIE;8398000;CBP EQUIPE TOULOUSE NORD OCCITANIE 1;08398T10;ACTION COMMERCIALE CBP EQUIPE TOULOUSE NORD OCCITANIE 1;08398Z19;3 LICES JEAN MOULIN 81001 ALBI CEDEX;cs;OUI
b28060;Mme;nom_100;Prenom_100;CONSEIL EN BANQUE PRIVEE PARTICULIER;05 63 80 83 03;nom_100.Prenom_100@bnpparibas.com;1;13237813;100859;REGION OCCITANIE;8058000;CENTRE BANQUE PRIVEE TOULOUSE NORD OCCITANIE;8398000;CBP EQUIPE TOULOUSE NORD OCCITANIE 1;08398T10;ACTION COMMERCIALE CBP EQUIPE TOULOUSE NORD OCCITANIE 1;08398Z19;3 LICES JEAN MOULIN 81001 ALBI CEDEX;cs;OUI
345023;Mme;nom_101;Prenom_101;CONSEIL EN BANQUE PRIVEE PARTICULIER;05 63 22 73 31;nom_101.Prenom_101@bnpparibas.com;0;13237853;106477;REGION OCCITANIE;8058000;CENTRE BANQUE PRIVEE TOULOUSE NORD OCCITANIE;8398000;CBP EQUIPE TOULOUSE NORD D'OCCITANIE 2;08398T20;ACTION COMMERCIALE CBP EQUIPE TOULOUSE NORD D'OCCITANIE 2;08398Z29;16 ALLEE DE MORTARIEU 82000 MONTAUBAN;cs;OUI
198100;Mme;nom_102;Prenom_102;CONSEIL EN BANQUE PRIVEE PARTICULIER;05 63 22 73 32;nom_102.Prenom_102@bnpparibas.com;0;13237853;106477;REGION OCCITANIE;8058000;CENTRE BANQUE PRIVEE TOULOUSE NORD OCCITANIE;8398000;CBP EQUIPE TOULOUSE NORD D'OCCITANIE 2;08398T20;ACTION COMMERCIALE CBP EQUIPE TOULOUSE NORD D'OCCITANIE 2;08398Z29;16 ALLEE DE MORTARIEU 82000 MONTAUBAN;cs;OUI
133170;Mme;nom_103;Prenom_103;CONSEIL EN BANQUE PRIVEE PARTICULIER;05 34 27 32 02;nom_103.Prenom_103@bnpparibas.com;0;13237813;107150;REGION OCCITANIE;8058000;CENTRE BANQUE PRIVEE TOULOUSE NORD OCCITANIE;8398000;CBP EQUIPE TOULOUSE NORD OCCITANIE 1;08398T10;ACTION COMMERCIALE CBP EQUIPE TOULOUSE NORD OCCITANIE 1;08398Z19;Les Ambassadeurs II - Batiment C1 1 ALLEE DES NYMPHEAS 31240 L UNION;cs;OUI
254338;M.;nom_104;Prenom_104;CONSEIL EN BANQUE PRIVEE PARTICULIER;05 65 73 32 24;nom_104.Prenom_104@bnpparibas.com;0;13237853;121394;REGION OCCITANIE;8058000;CENTRE BANQUE PRIVEE TOULOUSE NORD OCCITANIE;8398000;CBP EQUIPE TOULOUSE NORD D'OCCITANIE 2;08398T20;ACTION COMMERCIALE CBP EQUIPE TOULOUSE NORD D'OCCITANIE 2;08398Z29;LE VINCI II BAT C 2 AVENUE Jean MONNET 12000 RODEZ;cs;OUI
152860;M.;nom_105;Prenom_105;RESPONSABLE CENTRE BANQUE PRIVEE;05 61 11 14 61;nom_105.Prenom_105@bnpparibas.com;1;13237792;106496;REGION OCCITANIE;8058000;CENTRE BANQUE PRIVEE TOULOUSE NORD OCCITANIE;8398000;PILOTAGE CENTRE BANQUE PRIVEE TOULOUSE NORD OCCITANIE;08398Z96;PILOTAGE CENTRE BANQUE PRIVEE TOULOUSE NORD OCCITANIE;08398Z96;8 CHEMIN DE LA TERRASSE 31400 TOULOUSE;cs;OUI
127592;M.;nom_106;Prenom_106;RESPONSABLE D'EQUIPE CENTRE BANQUE PRIVEE;05 63 80 83 01;nom_106.Prenom_106@bnpparibas.com;1;13237813;100859;REGION OCCITANIE;8058000;CENTRE BANQUE PRIVEE TOULOUSE NORD OCCITANIE;8398000;CBP EQUIPE TOULOUSE NORD OCCITANIE 1;08398T10;ACTION COMMERCIALE CBP EQUIPE TOULOUSE NORD OCCITANIE 1;08398Z19;3 LICES JEAN MOULIN 81001 ALBI CEDEX;cs;OUI
294416;M.;nom_107;Prenom_107;RESPONSABLE D'EQUIPE CENTRE BANQUE PRIVEE;05 65 73 32 32;nom_107.Prenom_107@bnpparibas.com;2;13237853;121394;REGION OCCITANIE;8058000;CENTRE BANQUE PRIVEE TOULOUSE NORD OCCITANIE;8398000;CBP EQUIPE TOULOUSE NORD D'OCCITANIE 2;08398T20;ACTION COMMERCIALE CBP EQUIPE TOULOUSE NORD D'OCCITANIE 2;08398Z29;LE VINCI II BAT C 2 AVENUE Jean MONNET 12000 RODEZ;cs;OUI
133738;M.;nom_108;Prenom_108;BNPP Factor - CHARGE D'AFFAIRES AFFACTURAGE;05 61 11 56 78;nom_108.Prenom_108@bnpparibas.com;0;;106496;REGION OCCITANIE;8058000;CENTRE D'AFFAIRES SUD-OUEST ENTREPRISES;2497000;;;;;8 CHEMIN DE LA TERRASSE 31400 TOULOUSE;cs;OUI
427262;M.;nom_109;Prenom_109;CHARGE AFFAIRES ENTREPRENEURS CAF OU OUTREMER;05 63 72 83 40;nom_109.Prenom_109@bnpparibas.com;0;13307668;100859;REGION OCCITANIE;8058000;CENTRE D'AFFAIRES SUD-OUEST ENTREPRISES;2497000;ENTITE CAF SUD-OUEST ENTREPRISES;2,50E+03;AGENCE ENTREPRENEURS SUD-OUEST ENTREPRISES;3415000;3 LICES JEAN MOULIN 81001 ALBI CEDEX;cs;OUI
243143;M.;nom_110;Prenom_110;CHARGE AFFAIRES ENTREPRENEURS CAF OU OUTREMER;05 61 11 14 75;nom_110.Prenom_110@bnpparibas.com;0;13307668;106496;REGION OCCITANIE;8058000;CENTRE D'AFFAIRES SUD-OUEST ENTREPRISES;2497000;ENTITE CAF SUD-OUEST ENTREPRISES;2,50E+03;AGENCE ENTREPRENEURS SUD-OUEST ENTREPRISES;3415000;8 CHEMIN DE LA TERRASSE 31400 TOULOUSE;cs;OUI
373707;Mme;nom_111;Prenom_111;CHARGE AFFAIRES ENTREPRENEURS CAF OU OUTREMER;05 61 11 13 61;nom_111.Prenom_111@bnpparibas.com;0;13307668;106496;REGION OCCITANIE;8058000;CENTRE D'AFFAIRES SUD-OUEST ENTREPRISES;2497000;ENTITE CAF SUD-OUEST ENTREPRISES;2,50E+03;AGENCE ENTREPRENEURS SUD-OUEST ENTREPRISES;3415000;8 CHEMIN DE LA TERRASSE 31400 TOULOUSE;cs;OUI
116260;Mme;nom_112;Prenom_112;CHARGE AFFAIRES ENTREPRENEURS CAF OU OUTREMER;05 61 11 14 72;nom_112.Prenom_112@bnpparibas.com;0;13307668;106496;REGION OCCITANIE;8058000;CENTRE D'AFFAIRES SUD-OUEST ENTREPRISES;2497000;ENTITE CAF SUD-OUEST ENTREPRISES;2,50E+03;AGENCE ENTREPRENEURS SUD-OUEST ENTREPRISES;3415000;8 CHEMIN DE LA TERRASSE 31400 TOULOUSE;cs;OUI
b41576;M.;nom_113;Prenom_113;CHARGE AFFAIRES ENTREPRENEURS CAF OU OUTREMER;05 61 11 13 11;nom_113.Prenom_113@bnpparibas.com;0;13307668;106496;REGION OCCITANIE;8058000;CENTRE D'AFFAIRES SUD-OUEST ENTREPRISES;2497000;ENTITE CAF SUD-OUEST ENTREPRISES;2,50E+03;AGENCE ENTREPRENEURS SUD-OUEST ENTREPRISES;3415000;8 CHEMIN DE LA TERRASSE 31400 TOULOUSE;cs;OUI
356585;Mme;nom_114;Prenom_114;CHARGE D'AFFAIRES CASH MANAGEMENT (CACM);05 61 11 13 79;nom_114.Prenom_114@bnpparibas.com;2;13128055;106496;REGION OCCITANIE;8058000;CENTRE D'AFFAIRES SUD-OUEST ENTREPRISES;2497000;CENTRE D'AFFAIRES SUD-OUEST ENTREPRISES;2497000;CENTRE D'AFFAIRES SUD-OUEST ENTREPRISES;2497000;8 CHEMIN DE LA TERRASSE 31400 TOULOUSE;cs;OUI
136172;M.;nom_115;Prenom_115;CHARGE D'AFFAIRES CASH MANAGEMENT (CACM);05 61 11 13 20;nom_115.Prenom_115@bnpparibas.com;0;13128055;106496;REGION OCCITANIE;8058000;CENTRE D'AFFAIRES SUD-OUEST ENTREPRISES;2497000;CENTRE D'AFFAIRES SUD-OUEST ENTREPRISES;2497000;CENTRE D'AFFAIRES SUD-OUEST ENTREPRISES;2497000;8 CHEMIN DE LA TERRASSE 31400 TOULOUSE;cs;OUI
204013;M.;nom_116;Prenom_116;CHARGE D'AFFAIRES CASH MANAGEMENT (CACM);05 61 11 13 49;nom_116.Prenom_116@bnpparibas.com;0;13128055;106496;REGION OCCITANIE;8058000;CENTRE D'AFFAIRES SUD-OUEST ENTREPRISES;2497000;CENTRE D'AFFAIRES SUD-OUEST ENTREPRISES;2497000;CENTRE D'AFFAIRES SUD-OUEST ENTREPRISES;2497000;8 CHEMIN DE LA TERRASSE 31400 TOULOUSE;cs;OUI
b22463;M.;nom_117;Prenom_117;CHARGE D'AFFAIRES CASH MANAGEMENT (CACM);05 61 11 13 10;nom_117.Prenom_117@bnpparibas.com;0;13128055;106496;REGION OCCITANIE;8058000;CENTRE D'AFFAIRES SUD-OUEST ENTREPRISES;2497000;CENTRE D'AFFAIRES SUD-OUEST ENTREPRISES;2497000;CENTRE D'AFFAIRES SUD-OUEST ENTREPRISES;2497000;8 CHEMIN DE LA TERRASSE 31400 TOULOUSE;cs;OUI
472653;M.;nom_118;Prenom_118;CHARGE D'AFFAIRES ENTREPRISE NAE;05 55 18 83 11;nom_118.Prenom_118@bnpparibas.com;0;13128055;100171;REGION OCCITANIE;8058000;CENTRE D'AFFAIRES SUD-OUEST ENTREPRISES;2497000;CENTRE D'AFFAIRES SUD-OUEST ENTREPRISES;2497000;CENTRE D'AFFAIRES SUD-OUEST ENTREPRISES;2497000;23 BOULEVARD DU GENERAL KOENIG 19106 BRIVE LA GAILLARDE CEDEX;cs;OUI
233059;Mme;nom_119;Prenom_119;CHARGE D'AFFAIRES ENTREPRISE NAE;05 61 11 14 80;nom_119.Prenom_119@bnpparibas.com;0;13150955;100853;REGION OCCITANIE;8058000;CENTRE D'AFFAIRES SUD-OUEST ENTREPRISES;2497000;ACTION COMMERCIALE ENTREPRISES CAF SUD-OUEST ENTREPRISES;02497Z98;ACTION COMMERCIALE ENTREPRISES CAF SUD-OUEST ENTREPRISES;02497Z98;77 RUE DU MARECHAL FOCH 65000 TARBES;cs;OUI
225714;M.;nom_120;Prenom_120;CHARGE D'AFFAIRES ENTREPRISE NAE;05 34 44 53 23;nom_120.Prenom_120@bnpparibas.com;0;13128055;106496;REGION OCCITANIE;8058000;CENTRE D'AFFAIRES SUD-OUEST ENTREPRISES;2497000;CENTRE D'AFFAIRES SUD-OUEST ENTREPRISES;2497000;CENTRE D'AFFAIRES SUD-OUEST ENTREPRISES;2497000;8 CHEMIN DE LA TERRASSE 31400 TOULOUSE;cs;OUI
607345;Mme;nom_121;Prenom_121;CHARGE D'AFFAIRES ENTREPRISE NAE;05 34 44 53 10;nom_121.Prenom_121@bnpparibas.com;0;13151613;106496;REGION OCCITANIE;8058000;CENTRE D'AFFAIRES SUD-OUEST ENTREPRISES;2497000;ACTION COMMERCIALE ENTREPRISES CAF SUD-OUEST ENTREPRISES;02497Z98;ACTION COMMERCIALE ENTREPRISES CAF 1 SUD-OUEST ENTREPRISES;02497Z97;8 CHEMIN DE LA TERRASSE 31400 TOULOUSE;cs;OUI
624462;Mme;nom_122;Prenom_122;CHARGE D'AFFAIRES ENTREPRISE NAE;05 34 44 53 60;nom_122.Prenom_122@bnpparibas.com;0;13151614;106496;REGION OCCITANIE;8058000;CENTRE D'AFFAIRES SUD-OUEST ENTREPRISES;2497000;ACTION COMMERCIALE ENTREPRISES CAF SUD-OUEST ENTREPRISES;02497Z98;ACTION COMMERCIALE ENTREPRISES CAF 2 SUD-OUEST ENTREPRISES;02497Z93;8 CHEMIN DE LA TERRASSE 31400 TOULOUSE;cs;OUI
608165;M.;nom_123;Prenom_123;CHARGE D'AFFAIRES ENTREPRISE NAE;05 34 44 53 13;nom_123.Prenom_123@bnpparibas.com;0;13151614;106496;REGION OCCITANIE;8058000;CENTRE D'AFFAIRES SUD-OUEST ENTREPRISES;2497000;ACTION COMMERCIALE ENTREPRISES CAF SUD-OUEST ENTREPRISES;02497Z98;ACTION COMMERCIALE ENTREPRISES CAF 2 SUD-OUEST ENTREPRISES;02497Z93;8 CHEMIN DE LA TERRASSE 31400 TOULOUSE;cs;OUI
138596;M.;nom_124;Prenom_124;CHARGE D'AFFAIRES ENTREPRISE NAE;05 34 44 53 08;nom_124.Prenom_124@bnpparibas.com;0;13151613;106496;REGION OCCITANIE;8058000;CENTRE D'AFFAIRES SUD-OUEST ENTREPRISES;2497000;ACTION COMMERCIALE ENTREPRISES CAF SUD-OUEST ENTREPRISES;02497Z98;ACTION COMMERCIALE ENTREPRISES CAF 1 SUD-OUEST ENTREPRISES;02497Z97;8 CHEMIN DE LA TERRASSE 31400 TOULOUSE;cs;OUI
183584;M.;nom_125;Prenom_125;CHARGE D'AFFAIRES ENTREPRISE NAE;05 34 44 53 39;nom_125.Prenom_125@bnpparibas.com;0;13150959;106496;REGION OCCITANIE;8058000;CENTRE D'AFFAIRES SUD-OUEST ENTREPRISES;2497000;MAITRISE DES RISQUES CAF SUD-OUEST ENTREPRISES;02497Z94;MAITRISE DES RISQUES CAF SUD-OUEST ENTREPRISES;02497Z94;8 CHEMIN DE LA TERRASSE 31400 TOULOUSE;cs;OUI
118887;Mme;nom_126;Prenom_126;CHARGE D'AFFAIRES ENTREPRISE NAE;05 34 44 53 14;nom_126.Prenom_126@bnpparibas.com;0;13151614;106496;REGION OCCITANIE;8058000;CENTRE D'AFFAIRES SUD-OUEST ENTREPRISES;2497000;ACTION COMMERCIALE ENTREPRISES CAF SUD-OUEST ENTREPRISES;02497Z98;ACTION COMMERCIALE ENTREPRISES CAF 2 SUD-OUEST ENTREPRISES;02497Z93;8 CHEMIN DE LA TERRASSE 31400 TOULOUSE;cs;OUI
113797;Mme;nom_127;Prenom_127;CHARGE D'AFFAIRES ENTREPRISE NAE;05 34 44 53 15;nom_127.Prenom_127@bnpparibas.com;0;13151614;106496;REGION OCCITANIE;8058000;CENTRE D'AFFAIRES SUD-OUEST ENTREPRISES;2497000;ACTION COMMERCIALE ENTREPRISES CAF SUD-OUEST ENTREPRISES;02497Z98;ACTION COMMERCIALE ENTREPRISES CAF 2 SUD-OUEST ENTREPRISES;02497Z93;8 CHEMIN DE LA TERRASSE 31400 TOULOUSE;cs;OUI
114564;Mme;nom_128;Prenom_128;CHARGE D'AFFAIRES ENTREPRISE NAE;05 34 44 53 61;nom_128.Prenom_128@bnpparibas.com;0;13151614;106496;REGION OCCITANIE;8058000;CENTRE D'AFFAIRES SUD-OUEST ENTREPRISES;2497000;ACTION COMMERCIALE ENTREPRISES CAF SUD-OUEST ENTREPRISES;02497Z98;ACTION COMMERCIALE ENTREPRISES CAF 2 SUD-OUEST ENTREPRISES;02497Z93;8 CHEMIN DE LA TERRASSE 31400 TOULOUSE;cs;OUI
185086;Mme;nom_129;Prenom_129;CHARGE D'AFFAIRES ENTREPRISE NAE;05 65 73 62 88;nom_129.Prenom_129@bnpparibas.com;1;13151613;121394;REGION OCCITANIE;8058000;CENTRE D'AFFAIRES SUD-OUEST ENTREPRISES;2497000;ACTION COMMERCIALE ENTREPRISES CAF SUD-OUEST ENTREPRISES;02497Z98;ACTION COMMERCIALE ENTREPRISES CAF 1 SUD-OUEST ENTREPRISES;02497Z97;LE VINCI II BAT C 2 AVENUE Jean MONNET 12000 RODEZ;cs;OUI
387407;Mme;nom_130;Prenom_130;CHARGE D'AFFAIRES ENTREPRISE NAE;05 34 44 53 16;nom_130.Prenom_130@bnpparibas.com;0;;106496;REGION OCCITANIE;8058000;CENTRE D'AFFAIRES SUD-OUEST ENTREPRISES;2497000;;;;;8 CHEMIN DE LA TERRASSE 31400 TOULOUSE;cs;OUI
487533;Mme;nom_131;Prenom_131;CHARGE D'AFFAIRES IMMOBILIER;05 34 44 53 45;nom_131.Prenom_131@bnpparibas.com;0;13151613;106496;REGION OCCITANIE;8058000;CENTRE D'AFFAIRES SUD-OUEST ENTREPRISES;2497000;ACTION COMMERCIALE ENTREPRISES CAF SUD-OUEST ENTREPRISES;02497Z98;ACTION COMMERCIALE ENTREPRISES CAF 1 SUD-OUEST ENTREPRISES;02497Z97;8 CHEMIN DE LA TERRASSE 31400 TOULOUSE;cs;OUI
630446;Mme;nom_132;Prenom_132;CHARGE D'AFFAIRES IMMOBILIER;05 34 44 53 05;nom_132.Prenom_132@bnpparibas.com;0;13151613;106496;REGION OCCITANIE;8058000;CENTRE D'AFFAIRES SUD-OUEST ENTREPRISES;2497000;ACTION COMMERCIALE ENTREPRISES CAF SUD-OUEST ENTREPRISES;02497Z98;ACTION COMMERCIALE ENTREPRISES CAF 1 SUD-OUEST ENTREPRISES;02497Z97;8 CHEMIN DE LA TERRASSE 31400 TOULOUSE;cs;OUI
114615;M.;nom_133;Prenom_133;CHARGE D'AFFAIRES IMMOBILIER;04 67 13 94 18;nom_133.Prenom_133@bnpparibas.com;0;13151613;106496;REGION OCCITANIE;8058000;CENTRE D'AFFAIRES SUD-OUEST ENTREPRISES;2497000;ACTION COMMERCIALE ENTREPRISES CAF SUD-OUEST ENTREPRISES;02497Z98;ACTION COMMERCIALE ENTREPRISES CAF 1 SUD-OUEST ENTREPRISES;02497Z97;8 CHEMIN DE LA TERRASSE 31400 TOULOUSE;cs;OUI
276575;Mme;nom_134;Prenom_134;CHARGE D'AFFAIRES INSTITUTIONS ET ASSOCIATIONS;05 34 44 53 12;nom_134.Prenom_134@bnpparibas.com;0;13151613;106496;REGION OCCITANIE;8058000;CENTRE D'AFFAIRES SUD-OUEST ENTREPRISES;2497000;ACTION COMMERCIALE ENTREPRISES CAF SUD-OUEST ENTREPRISES;02497Z98;ACTION COMMERCIALE ENTREPRISES CAF 1 SUD-OUEST ENTREPRISES;02497Z97;8 CHEMIN DE LA TERRASSE 31400 TOULOUSE;cs;OUI
204260;Mme;nom_135;Prenom_135;CHARGE DE RELATION CLIENT ENTREPRISES;05 34 44 53 22;nom_135.Prenom_135@bnpparibas.com;0;13128055;106496;REGION OCCITANIE;8058000;CENTRE D'AFFAIRES SUD-OUEST ENTREPRISES;2497000;CENTRE D'AFFAIRES SUD-OUEST ENTREPRISES;2497000;CENTRE D'AFFAIRES SUD-OUEST ENTREPRISES;2497000;8 CHEMIN DE LA TERRASSE 31400 TOULOUSE;cs;OUI
232392;Mme;nom_136;Prenom_136;CHARGE DE RELATION CLIENT ENTREPRISES;05 34 44 53 52;nom_136.Prenom_136@bnpparibas.com;0;13128055;106496;REGION OCCITANIE;8058000;CENTRE D'AFFAIRES SUD-OUEST ENTREPRISES;2497000;CENTRE D'AFFAIRES SUD-OUEST ENTREPRISES;2497000;CENTRE D'AFFAIRES SUD-OUEST ENTREPRISES;2497000;8 CHEMIN DE LA TERRASSE 31400 TOULOUSE;cs;OUI
290800;Mme;nom_137;Prenom_137;CHARGE DE RELATION CLIENT ENTREPRISES;05 34 44 53 24;nom_137.Prenom_137@bnpparibas.com;0;13128055;106496;REGION OCCITANIE;8058000;CENTRE D'AFFAIRES SUD-OUEST ENTREPRISES;2497000;CENTRE D'AFFAIRES SUD-OUEST ENTREPRISES;2497000;CENTRE D'AFFAIRES SUD-OUEST ENTREPRISES;2497000;8 CHEMIN DE LA TERRASSE 31400 TOULOUSE;cs;OUI
a96509;M.;nom_138;Prenom_138;CHARGE DE RELATION CLIENT ENTREPRISES;0 5 34 44 53 28;nom_138.Prenom_138@bnpparibas.com;0;13150955;106496;REGION OCCITANIE;8058000;CENTRE D'AFFAIRES SUD-OUEST ENTREPRISES;2497000;ACTION COMMERCIALE ENTREPRISES CAF SUD-OUEST ENTREPRISES;02497Z98;ACTION COMMERCIALE ENTREPRISES CAF SUD-OUEST ENTREPRISES;02497Z98;8 CHEMIN DE LA TERRASSE 31400 TOULOUSE;cs;OUI
327107;M.;nom_139;Prenom_139;CHARGE DE RELATION CLIENT ENTREPRISES;05 34 44 53 21;nom_139.Prenom_139@bnpparibas.com;0;13128055;106496;REGION OCCITANIE;8058000;CENTRE D'AFFAIRES SUD-OUEST ENTREPRISES;2497000;CENTRE D'AFFAIRES SUD-OUEST ENTREPRISES;2497000;CENTRE D'AFFAIRES SUD-OUEST ENTREPRISES;2497000;8 CHEMIN DE LA TERRASSE 31400 TOULOUSE;cs;OUI
327528;Mme;nom_140;Prenom_140;CHARGE DE RELATION CLIENT ENTREPRISES;05 34 44 53 32;nom_140.Prenom_140@bnpparibas.com;0;13128055;106496;REGION OCCITANIE;8058000;CENTRE D'AFFAIRES SUD-OUEST ENTREPRISES;2497000;CENTRE D'AFFAIRES SUD-OUEST ENTREPRISES;2497000;CENTRE D'AFFAIRES SUD-OUEST ENTREPRISES;2497000;8 CHEMIN DE LA TERRASSE 31400 TOULOUSE;cs;OUI
c38721;Mme;nom_141;Prenom_141;CHARGE DE RELATION CLIENT ENTREPRISES;05 34 44 53 26;nom_141.Prenom_141@bnpparibas.com;0;13128055;106496;REGION OCCITANIE;8058000;CENTRE D'AFFAIRES SUD-OUEST ENTREPRISES;2497000;CENTRE D'AFFAIRES SUD-OUEST ENTREPRISES;2497000;CENTRE D'AFFAIRES SUD-OUEST ENTREPRISES;2497000;8 CHEMIN DE LA TERRASSE 31400 TOULOUSE;cs;OUI
d02589;Mme;nom_142;Prenom_142;CHARGE DE RELATION CLIENT ENTREPRISES;05 34 44 53 00 ;nom_142.Prenom_142@bnpparibas.com;0;13128055;106496;REGION OCCITANIE;8058000;CENTRE D'AFFAIRES SUD-OUEST ENTREPRISES;2497000;CENTRE D'AFFAIRES SUD-OUEST ENTREPRISES;2497000;CENTRE D'AFFAIRES SUD-OUEST ENTREPRISES;2497000;8 CHEMIN DE LA TERRASSE 31400 TOULOUSE;cs;OUI
616617;Mme;nom_143;Prenom_143;CHARGE DE RELATION CLIENT ENTREPRISES;05 34 44 53 68;nom_143.Prenom_143@bnpparibas.com;0;13150955;106496;REGION OCCITANIE;8058000;CENTRE D'AFFAIRES SUD-OUEST ENTREPRISES;2497000;ACTION COMMERCIALE ENTREPRISES CAF SUD-OUEST ENTREPRISES;02497Z98;ACTION COMMERCIALE ENTREPRISES CAF SUD-OUEST ENTREPRISES;02497Z98;8 CHEMIN DE LA TERRASSE 31400 TOULOUSE;cs;OUI
124837;Mme;nom_144;Prenom_144;CHARGE DE RELATION CLIENT ENTREPRISES;05 34 44 53 33;nom_144.Prenom_144@bnpparibas.com;0;13150957;106496;REGION OCCITANIE;8058000;CENTRE D'AFFAIRES SUD-OUEST ENTREPRISES;2497000;APPUI COMMERCIAL CAF SUD-OUEST ENTREPRISES;02497Z96;APPUI COMMERCIAL CAF SUD-OUEST ENTREPRISES;02497Z96;8 CHEMIN DE LA TERRASSE 31400 TOULOUSE;cs;OUI
132889;Mme;nom_145;Prenom_145;CHARGE DE RELATION CLIENT ENTREPRISES;05 61 11 13 88;nom_145.Prenom_145@bnpparibas.com;0;13150955;106496;REGION OCCITANIE;8058000;CENTRE D'AFFAIRES SUD-OUEST ENTREPRISES;2497000;ACTION COMMERCIALE ENTREPRISES CAF SUD-OUEST ENTREPRISES;02497Z98;ACTION COMMERCIALE ENTREPRISES CAF SUD-OUEST ENTREPRISES;02497Z98;8 CHEMIN DE LA TERRASSE 31400 TOULOUSE;cs;OUI
204514;M.;nom_146;Prenom_146;CHARGE DE RELATION CLIENT ENTREPRISES;05 61 11 14 59;nom_146.Prenom_146@bnpparibas.com;0;13128055;106496;REGION OCCITANIE;8058000;CENTRE D'AFFAIRES SUD-OUEST ENTREPRISES;2497000;CENTRE D'AFFAIRES SUD-OUEST ENTREPRISES;2497000;CENTRE D'AFFAIRES SUD-OUEST ENTREPRISES;2497000;8 CHEMIN DE LA TERRASSE 31400 TOULOUSE;cs;OUI
204200;Mme;nom_147;Prenom_147;CHARGE DE RELATION CLIENT ENTREPRISES;05 34 44 53 87;nom_147.Prenom_147@bnpparibas.com;0;13128055;106496;REGION OCCITANIE;8058000;CENTRE D'AFFAIRES SUD-OUEST ENTREPRISES;2497000;CENTRE D'AFFAIRES SUD-OUEST ENTREPRISES;2497000;CENTRE D'AFFAIRES SUD-OUEST ENTREPRISES;2497000;8 CHEMIN DE LA TERRASSE 31400 TOULOUSE;cs;OUI
110380;Mme;nom_148;Prenom_148;CHARGE DE RELATION CLIENT ENTREPRISES;05 34 44 53 69;nom_148.Prenom_148@bnpparibas.com;0;13128055;106496;REGION OCCITANIE;8058000;CENTRE D'AFFAIRES SUD-OUEST ENTREPRISES;2497000;CENTRE D'AFFAIRES SUD-OUEST ENTREPRISES;2497000;CENTRE D'AFFAIRES SUD-OUEST ENTREPRISES;2497000;8 CHEMIN DE LA TERRASSE 31400 TOULOUSE;cs;OUI
241223;M.;nom_149;Prenom_149;CHARGE DE RELATION CLIENT ENTREPRISES;05 34 44 53 44;nom_149.Prenom_149@bnpparibas.com;0;;106496;REGION OCCITANIE;8058000;CENTRE D'AFFAIRES SUD-OUEST ENTREPRISES;2497000;;;;;8 CHEMIN DE LA TERRASSE 31400 TOULOUSE;cs;OUI
332752;M.;nom_150;Prenom_150;CHARGE DE RELATION CLIENT ENTREPRISES;05 61 11 13 77;nom_150.Prenom_150@bnpparibas.com;0;;106496;REGION OCCITANIE;8058000;CENTRE D'AFFAIRES SUD-OUEST ENTREPRISES;2497000;;;;;8 CHEMIN DE LA TERRASSE 31400 TOULOUSE;cs;OUI
211238;Mme;nom_151;Prenom_151;CONSEIL EN BANQUE PRIVEE ACTIONNAIRES DIRIGEANTS;05 61 11 13 65;nom_151.Prenom_151@bnpparibas.com;0;;106496;REGION OCCITANIE;8058000;CENTRE D'AFFAIRES SUD-OUEST ENTREPRISES;2497000;;;;;8 CHEMIN DE LA TERRASSE 31400 TOULOUSE;cs;OUI
182388;Mme;nom_152;Prenom_152;CONSEIL EN BANQUE PRIVEE ACTIONNAIRES DIRIGEANTS;05 61 11 13 53;nom_152.Prenom_152@bnpparibas.com;0;;106496;REGION OCCITANIE;8058000;CENTRE D'AFFAIRES SUD-OUEST ENTREPRISES;2497000;;;;;8 CHEMIN DE LA TERRASSE 31400 TOULOUSE;cs;OUI
213829;Mme;nom_153;Prenom_153;CONSEIL EN BANQUE PRIVEE ACTIONNAIRES DIRIGEANTS;05 61 11 13 64;nom_153.Prenom_153@bnpparibas.com;0;;106496;REGION OCCITANIE;8058000;CENTRE D'AFFAIRES SUD-OUEST ENTREPRISES;2497000;;;;;8 CHEMIN DE LA TERRASSE 31400 TOULOUSE;cs;OUI
244402;M.;nom_154;Prenom_154;DIRECTEUR DE GROUPE ENTREPRISES;05 34 44 53 01;nom_154.Prenom_154@bnpparibas.com;0;13150954;106496;REGION OCCITANIE;8058000;CENTRE D'AFFAIRES SUD-OUEST ENTREPRISES;2497000;PILOTAGE CAF SUD-OUEST ENTREPRISES;02497Z99;PILOTAGE CAF SUD-OUEST ENTREPRISES;02497Z99;8 CHEMIN DE LA TERRASSE 31400 TOULOUSE;cs;OUI
b85802;M.;nom_155;Prenom_155;ERE - CHARGE D'AFFAIRES ENTREPRISES;05 61 11 56 79;nom_155.Prenom_155@bnpparibas.com;0;;106496;REGION OCCITANIE;8058000;CENTRE D'AFFAIRES SUD-OUEST ENTREPRISES;2497000;;;;;8 CHEMIN DE LA TERRASSE 31400 TOULOUSE;cs;OUI
148705;M.;nom_156;Prenom_156;RESPONSABLE COMMERCIAL ENTREPRISES ET INSTITUTIONS;05 34 44 53 02;nom_156.Prenom_156@bnpparibas.com;0;13150955;106496;REGION OCCITANIE;8058000;CENTRE D'AFFAIRES SUD-OUEST ENTREPRISES;2497000;ACTION COMMERCIALE ENTREPRISES CAF SUD-OUEST ENTREPRISES;02497Z98;ACTION COMMERCIALE ENTREPRISES CAF SUD-OUEST ENTREPRISES;02497Z98;8 CHEMIN DE LA TERRASSE 31400 TOULOUSE;cs;OUI
112068;M.;nom_157;Prenom_157;RESPONSABLE COMMERCIAL ENTREPRISES ET INSTITUTIONS;05 34 44 53 36;nom_157.Prenom_157@bnpparibas.com;0;13150955;106496;REGION OCCITANIE;8058000;CENTRE D'AFFAIRES SUD-OUEST ENTREPRISES;2497000;ACTION COMMERCIALE ENTREPRISES CAF SUD-OUEST ENTREPRISES;02497Z98;ACTION COMMERCIALE ENTREPRISES CAF SUD-OUEST ENTREPRISES;02497Z98;8 CHEMIN DE LA TERRASSE 31400 TOULOUSE;cs;OUI
116592;M.;nom_158;Prenom_158;RESPONSABLE COMMERCIAL ENTREPRISES ET INSTITUTIONS;05 34 44 53 51;nom_158.Prenom_158@bnpparibas.com;0;13128055;106496;REGION OCCITANIE;8058000;CENTRE D'AFFAIRES SUD-OUEST ENTREPRISES;2497000;CENTRE D'AFFAIRES SUD-OUEST ENTREPRISES;2497000;CENTRE D'AFFAIRES SUD-OUEST ENTREPRISES;2497000;8 CHEMIN DE LA TERRASSE 31400 TOULOUSE;cs;OUI
d35626;M.;nom_159;Prenom_159;STAGIAIRE D'ETUDES;05 61 11 13 36;nom_159.Prenom_159@bnpparibas.com;0;13128055;106496;REGION OCCITANIE;8058000;CENTRE D'AFFAIRES SUD-OUEST ENTREPRISES;2497000;CENTRE D'AFFAIRES SUD-OUEST ENTREPRISES;2497000;CENTRE D'AFFAIRES SUD-OUEST ENTREPRISES;2497000;8 CHEMIN DE LA TERRASSE 31400 TOULOUSE;cs;OUI
137509;M.;nom_160;Prenom_160;CHARGE AFFAIRES ENTREPRENEURS;04 68 90 36 64;nom_160.Prenom_160@bnpparibas.com;0;13309178;100952;REGION OCCITANIE;8058000;TERRITOIRE AUDE;3250000;ANIMATION COMMERCIALE TERRITOIRE AUDE;03250Z97;ANIMATION COMMERCIALE TERRITOIRE AUDE;03250Z97;50 RUE JEAN JAURES 11101 NARBONNE CEDEX;cs;OUI
280432;Mme;nom_161;Prenom_161;CONSEILLER SPECIALISE EPARGNE ET PREVOYANCE;04 68 90 36 85;nom_161.Prenom_161@bnpparibas.com;0;13309178;100952;REGION OCCITANIE;8058000;TERRITOIRE AUDE;3250000;ANIMATION COMMERCIALE TERRITOIRE AUDE;03250Z97;ANIMATION COMMERCIALE TERRITOIRE AUDE;03250Z97;50 RUE JEAN JAURES 11101 NARBONNE CEDEX;cs;OUI
130173;M.;nom_162;Prenom_162;CONSEILLER SPECIALISE IMMOBILIER;04 68 90 36 86;nom_162.Prenom_162@bnpparibas.com;1;13309178;100952;REGION OCCITANIE;8058000;TERRITOIRE AUDE;3250000;ANIMATION COMMERCIALE TERRITOIRE AUDE;03250Z97;ANIMATION COMMERCIALE TERRITOIRE AUDE;03250Z97;50 RUE JEAN JAURES 11101 NARBONNE CEDEX;cs;OUI
234133;M.;nom_163;Prenom_163;DIRECTEUR DE TERRITOIRE;04 68 47 73 01;nom_163.Prenom_163@bnpparibas.com;0;13309177;118150;REGION OCCITANIE;8058000;TERRITOIRE AUDE;3250000;PILOTAGE TERRITOIRE AUDE;03250Z98;PILOTAGE TERRITOIRE AUDE;03250Z98;Zone comm. Planete Nord FERRAUDIERE 11000 CARCASSONNE;cs;OUI
133231;M.;nom_164;Prenom_164;RESPONSABLE ANIMATION;04 68 47 73 07;nom_164.Prenom_164@bnpparibas.com;0;13309177;118150;REGION OCCITANIE;8058000;TERRITOIRE AUDE;3250000;PILOTAGE TERRITOIRE AUDE;03250Z98;PILOTAGE TERRITOIRE AUDE;03250Z98;Zone comm. Planete Nord FERRAUDIERE 11000 CARCASSONNE;cs;OUI
785858;M.;nom_165;Prenom_165;CONSEILLER SPECIALISE EPARGNE ET PREVOYANCE;-;nom_165.Prenom_165@bnpparibas.com;0;13309475;100242;REGION PARIS;8054000;TERRITOIRE PARIS 12EME;3284000;ANIMATION COMMERCIALE TERRITOIRE PARIS 12EME;03284Z97;ANIMATION COMMERCIALE TERRITOIRE PARIS 12EME;03284Z97;15 Place De la Nation 75011 PARIS 11;cs;OUI
a56719;M.;nom_166;Prenom_166;CONSEILLER SPECIALISE EPARGNE ET PREVOYANCE;-;nom_166.Prenom_166@bnpparibas.com;0;13309475;100242;REGION PARIS;8054000;TERRITOIRE PARIS 12EME;3284000;ANIMATION COMMERCIALE TERRITOIRE PARIS 12EME;03284Z97;ANIMATION COMMERCIALE TERRITOIRE PARIS 12EME;03284Z97;15 Place De la Nation 75011 PARIS 11;cs;OUI
290012;M.;nom_167;Prenom_167;DIRECTEUR DE TERRITOIRE;01 40 09 43 01;nom_167.Prenom_167@bnpparibas.com;0;13309474;100242;REGION PARIS;8054000;TERRITOIRE PARIS 12EME;3284000;PILOTAGE TERRITOIRE PARIS 12EME;03284Z98;PILOTAGE TERRITOIRE PARIS 12EME;03284Z98;15 Place De la Nation 75011 PARIS 11;cs;OUI
138207;Mme;nom_168;Prenom_168;EXPERT CREDIT;-;nom_168.Prenom_168@bnpparibas.com;0;13309475;100242;REGION PARIS;8054000;TERRITOIRE PARIS 12EME;3284000;ANIMATION COMMERCIALE TERRITOIRE PARIS 12EME;03284Z97;ANIMATION COMMERCIALE TERRITOIRE PARIS 12EME;03284Z97;15 Place De la Nation 75011 PARIS 11;cs;OUI
324375;Mme;nom_169;Prenom_169;RESPONSABLE ANIMATION;01 40 09 43 04;nom_169.Prenom_169@bnpparibas.com;0;13309474;100242;REGION PARIS;8054000;TERRITOIRE PARIS 12EME;3284000;PILOTAGE TERRITOIRE PARIS 12EME;03284Z98;PILOTAGE TERRITOIRE PARIS 12EME;03284Z98;15 Place De la Nation 75011 PARIS 11;cs;OUI
206538;Mme;nom_170;Prenom_170;RESPONSABLE PRO-TPE NIVEAU TERRITOIRE;01 40 09 43 03;nom_170.Prenom_170@bnpparibas.com;0;13309474;100242;REGION PARIS;8054000;TERRITOIRE PARIS 12EME;3284000;PILOTAGE TERRITOIRE PARIS 12EME;03284Z98;PILOTAGE TERRITOIRE PARIS 12EME;03284Z98;15 Place De la Nation 75011 PARIS 11;cs;OUI
114565;Mme;nom_171;Prenom_171;DIRECTEUR DE TERRITOIRE;01 44 14 13 01;nom_171.Prenom_171@bnpparibas.com;0;13309662;100224;REGION PARIS;8054000;TERRITOIRE PARIS 16EME;3287000;PILOTAGE TERRITOIRE PARIS 16EME;03287Z98;PILOTAGE TERRITOIRE PARIS 16EME;03287Z98;51 AVENUE KLEBER 75016 PARIS 16;cs;OUI
437070;M.;nom_172;Prenom_172;EXPERT CREDIT;01 44 14 13 71;nom_172.Prenom_172@bnpparibas.com;0;13309663;100224;REGION PARIS;8054000;TERRITOIRE PARIS 16EME;3287000;ANIMATION COMMERCIALE TERRITOIRE PARIS 16EME;03287Z97;ANIMATION COMMERCIALE TERRITOIRE PARIS 16EME;03287Z97;51 AVENUE KLEBER 75016 PARIS 16;cs;OUI
137082;Mme;nom_173;Prenom_173;EXPERT CREDIT;01 44 14 13 51;nom_173.Prenom_173@bnpparibas.com;0;13309663;100224;REGION PARIS;8054000;TERRITOIRE PARIS 16EME;3287000;ANIMATION COMMERCIALE TERRITOIRE PARIS 16EME;03287Z97;ANIMATION COMMERCIALE TERRITOIRE PARIS 16EME;03287Z97;51 AVENUE KLEBER 75016 PARIS 16;cs;OUI
214547;Mme;nom_174;Prenom_174;RESPONSABLE ANIMATION;01 44 14 13 03;nom_174.Prenom_174@bnpparibas.com;0;13309662;100224;REGION PARIS;8054000;TERRITOIRE PARIS 16EME;3287000;PILOTAGE TERRITOIRE PARIS 16EME;03287Z98;PILOTAGE TERRITOIRE PARIS 16EME;03287Z98;51 AVENUE KLEBER 75016 PARIS 16;cs;OUI
343344;M.;nom_175;Prenom_175;RESPONSABLE PRO-TPE NIVEAU TERRITOIRE;01 53 67 34 06;nom_175.Prenom_175@bnpparibas.com;0;13309662;100224;REGION PARIS;8054000;TERRITOIRE PARIS 16EME;3287000;PILOTAGE TERRITOIRE PARIS 16EME;03287Z98;PILOTAGE TERRITOIRE PARIS 16EME;03287Z98;51 AVENUE KLEBER 75016 PARIS 16;cs;OUI
225102;Mme;nom_176;Prenom_176;CHARGE AFFAIRES ENTREPRENEURS;05 63 72 83 12;nom_176.Prenom_176@bnpparibas.com;0;13309348;100175;REGION OCCITANIE;8058000;TERRITOIRE TOULOUSE PAYS D'AUTAN;3261000;ANIMATION COMMERCIALE TERRITOIRE TOULOUSE PAYS D'AUTAN;03261Z97;ANIMATION COMMERCIALE TERRITOIRE TOULOUSE PAYS D'AUTAN;03261Z97;4 PLACE JEAN JAURES 81101 CASTRES CEDEX;cs;OUI
417803;Mme;nom_177;Prenom_177;CHARGE AFFAIRES ENTREPRENEURS;05 34 41 57 97;nom_177.Prenom_177@bnpparibas.com;0;13309348;119203;REGION OCCITANIE;8058000;TERRITOIRE TOULOUSE PAYS D'AUTAN;3261000;ANIMATION COMMERCIALE TERRITOIRE TOULOUSE PAYS D'AUTAN;03261Z97;ANIMATION COMMERCIALE TERRITOIRE TOULOUSE PAYS D'AUTAN;03261Z97;214 ROUTE de NARBONNE 31400 TOULOUSE;cs;OUI
173249;M.;nom_178;Prenom_178;DIRECTEUR DE TERRITOIRE;05 34 41 57 92;nom_178.Prenom_178@bnpparibas.com;0;13309347;119203;REGION OCCITANIE;8058000;TERRITOIRE TOULOUSE PAYS D'AUTAN;3261000;PILOTAGE TERRITOIRE TOULOUSE PAYS D'AUTAN;03261Z98;PILOTAGE TERRITOIRE TOULOUSE PAYS D'AUTAN;03261Z98;214 ROUTE de NARBONNE 31400 TOULOUSE;cs;OUI
247021;M.;nom_179;Prenom_179;RESPONSABLE ANIMATION;05 34 41 57 96;nom_179.Prenom_179@bnpparibas.com;0;13309347;119203;REGION OCCITANIE;8058000;TERRITOIRE TOULOUSE PAYS D'AUTAN;3261000;PILOTAGE TERRITOIRE TOULOUSE PAYS D'AUTAN;03261Z98;PILOTAGE TERRITOIRE TOULOUSE PAYS D'AUTAN;03261Z98;214 ROUTE de NARBONNE 31400 TOULOUSE;cs;OUI
a31064;Mme;nom_180;Prenom_180;CHARGE D'AFFAIRES PROFESSIONNELS;04 68 90 36 71;nom_180.Prenom_180@bnpparibas.com;1;13164660;100952;REGION OCCITANIE;8058000;TERRITOIRE AUDE;3250000;ENTITE CARCASSONNE.;3250;AGENCE NARBONNE;01043000;50 RUE JEAN JAURES 11101 NARBONNE CEDEX;cs;OUI
163470;Mme;nom_181;Prenom_181;CHARGE D'AFFAIRES PROFESSIONNELS;04 68 65 64 24;nom_181.Prenom_181@bnpparibas.com;0;13164662;102730;REGION OCCITANIE;8058000;TERRITOIRE AUDE;3250000;ENTITE CARCASSONNE.;3250;AGENCE NARBONNE SOUS PREFECTURE;01384000;6 BOULEVARD GAMBETTA 11101 NARBONNE CEDEX;cs;OUI
217086;M.;nom_182;Prenom_182;CHARGE D'AFFAIRES PROFESSIONS LIBERALES;04 68 90 36 65;nom_182.Prenom_182@bnpparibas.com;1;13164660;100952;REGION OCCITANIE;8058000;TERRITOIRE AUDE;3250000;ENTITE CARCASSONNE.;3250;AGENCE NARBONNE;01043000;50 RUE JEAN JAURES 11101 NARBONNE CEDEX;cs;OUI
510036;M.;nom_183;Prenom_183;CHARGE D'AFFAIRES PROFESSIONS LIBERALES;04 68 47 73 36;nom_183.Prenom_183@bnpparibas.com;RDC;13164642;118150;REGION OCCITANIE;8058000;TERRITOIRE AUDE;3250000;ENTITE CARCASSONNE.;3250;AGENCE CARCASSONNE PLANETO;00732000;Zone comm. Planete Nord FERRAUDIERE 11000 CARCASSONNE;cs;OUI
123572;Mme;nom_184;Prenom_184;CHARGE DE SERVICE CLIENTELE;04 68 10 23 15;nom_184.Prenom_184@bnpparibas.com;0;13164644;102516;REGION OCCITANIE;8058000;TERRITOIRE AUDE;3250000;ENTITE CARCASSONNE.;3250;AGENCE CARCASSONNE CARNOT;01075000;1 RUE GEORGES CLEMENCEAU 11000 CARCASSONNE;cs;OUI
b46443;Mme;nom_185;Prenom_185;COLLABORATEUR EN FORMATION CC SANS LIGNE; renseigner par l'IT (Pas de ligne commerciale);nom_185.Prenom_185@bnpparibas.com;RDC;13164642;118150;REGION OCCITANIE;8058000;TERRITOIRE AUDE;3250000;ENTITE CARCASSONNE.;3250;AGENCE CARCASSONNE PLANETO;00732000;Zone comm. Planete Nord FERRAUDIERE 11000 CARCASSONNE;cs;OUI
d05171;Mme;nom_186;Prenom_186;COLLABORATEUR EN FORMATION CC SANS LIGNE; renseigner par l'IT (Pas de ligne commerciale);nom_186.Prenom_186@bnpparibas.com;RDC;13164642;118150;REGION OCCITANIE;8058000;TERRITOIRE AUDE;3250000;ENTITE CARCASSONNE.;3250;AGENCE CARCASSONNE PLANETO;00732000;Zone comm. Planete Nord FERRAUDIERE 11000 CARCASSONNE;cs;OUI
d16581;Mme;nom_187;Prenom_187;COLLABORATEUR EN FORMATION CC SANS LIGNE; renseigner par l'IT (Pas de ligne commerciale);nom_187.Prenom_187@bnpparibas.com;0;13164660;100952;REGION OCCITANIE;8058000;TERRITOIRE AUDE;3250000;ENTITE CARCASSONNE.;3250;AGENCE NARBONNE;01043000;50 RUE JEAN JAURES 11101 NARBONNE CEDEX;cs;OUI
c02091;M.;nom_188;Prenom_188;COLLABORATEUR EN FORMATION CC SANS LIGNE; renseigner par l'IT (Pas de ligne commerciale);nom_188.Prenom_188@bnpparibas.com;0;13164660;100952;REGION OCCITANIE;8058000;TERRITOIRE AUDE;3250000;ENTITE CARCASSONNE.;3250;AGENCE NARBONNE;01043000;50 RUE JEAN JAURES 11101 NARBONNE CEDEX;cs;OUI
a05411;Mme;nom_189;Prenom_189;CONSEILLER CLIENT;04 68 90 36 75;nom_189.Prenom_189@bnpparibas.com;0;13164660;100952;REGION OCCITANIE;8058000;TERRITOIRE AUDE;3250000;ENTITE CARCASSONNE.;3250;AGENCE NARBONNE;01043000;50 RUE JEAN JAURES 11101 NARBONNE CEDEX;cs;OUI
996725;Mme;nom_190;Prenom_190;CONSEILLER CLIENT;04 68 10 23 20;nom_190.Prenom_190@bnpparibas.com;0;13164644;102516;REGION OCCITANIE;8058000;TERRITOIRE AUDE;3250000;ENTITE CARCASSONNE.;3250;AGENCE CARCASSONNE CARNOT;01075000;1 RUE GEORGES CLEMENCEAU 11000 CARCASSONNE;cs;OUI
227302;Mme;nom_191;Prenom_191;CONSEILLER CLIENT;04 68 47 73 32;nom_191.Prenom_191@bnpparibas.com;RDC;13164642;118150;REGION OCCITANIE;8058000;TERRITOIRE AUDE;3250000;ENTITE CARCASSONNE.;3250;AGENCE CARCASSONNE PLANETO;00732000;Zone comm. Planete Nord FERRAUDIERE 11000 CARCASSONNE;cs;OUI
138053;M.;nom_192;Prenom_192;CONSEILLER CLIENT;04 68 90 36 67;nom_192.Prenom_192@bnpparibas.com;0;13164660;100952;REGION OCCITANIE;8058000;TERRITOIRE AUDE;3250000;ENTITE CARCASSONNE.;3250;AGENCE NARBONNE;01043000;50 RUE JEAN JAURES 11101 NARBONNE CEDEX;cs;OUI
330425;Mme;nom_193;Prenom_193;CONSEILLER CLIENT;04 68 90 36 85;nom_193.Prenom_193@bnpparibas.com;0;13164660;100952;REGION OCCITANIE;8058000;TERRITOIRE AUDE;3250000;ENTITE CARCASSONNE.;3250;AGENCE NARBONNE;01043000;50 RUE JEAN JAURES 11101 NARBONNE CEDEX;cs;OUI
b26477;Mme ;nom_194;Prenom_194;CONSEILLER CLIENT;04 68 47 73 32;nom_194.Prenom_194@bnpparibas.com;RDC;13164642;118150;REGION OCCITANIE;8058000;TERRITOIRE AUDE;3250000;ENTITE CARCASSONNE.;3250;AGENCE CARCASSONNE PLANETO;00732000;Zone comm. Planete Nord FERRAUDIERE 11000 CARCASSONNE;cs;OUI
130450;Mme;nom_195;Prenom_195;CONSEILLER CLIENT;04 68 90 36 80;nom_195.Prenom_195@bnpparibas.com;-;13164660;100952;REGION OCCITANIE;8058000;TERRITOIRE AUDE;3250000;ENTITE CARCASSONNE.;3250;AGENCE NARBONNE;01043000;50 RUE JEAN JAURES 11101 NARBONNE CEDEX;cs;OUI
117685;Mme;nom_196;Prenom_196;CONSEILLER CLIENT;04 68 94 53 12;nom_196.Prenom_196@bnpparibas.com;0;13164648;102517;REGION OCCITANIE;8058000;TERRITOIRE AUDE;3250000;ENTITE CARCASSONNE.;3250;AGENCE CASTELNAUDARY;01076000;2 RUE JEAN BAPTISTE DE MAILLE 11401 CASTELNAUDARY CEDEX;cs;OUI
d23446;Mme;nom_197;Prenom_197;CONSEILLER CLIENT;04 68 31 93 02;nom_197.Prenom_197@bnpparibas.com;0;13164658;101956;REGION OCCITANIE;8058000;TERRITOIRE AUDE;3250000;ENTITE CARCASSONNE.;3250;AGENCE LIMOUX;00022000;2 PLACE DU GENERAL LECLERC 11300 LIMOUX;cs;OUI
c96612;Mme;nom_198;Prenom_198;CONSEILLER CLIENT;04 68 65 64 23;nom_198.Prenom_198@bnpparibas.com;0;13164662;102730;REGION OCCITANIE;8058000;TERRITOIRE AUDE;3250000;ENTITE CARCASSONNE.;3250;AGENCE NARBONNE SOUS PREFECTURE;01384000;6 BOULEVARD GAMBETTA 11101 NARBONNE CEDEX;cs;OUI
962111;Mme;nom_199;Prenom_199;CONSEILLER CLIENT;04 68 27 83 76;nom_199.Prenom_199@bnpparibas.com;0;13102518;102347;REGION OCCITANIE;8058000;TERRITOIRE AUDE;3250000;ENTITE CARCASSONNE.;3250;AGENCE LEZIGNAN CORBIERES;00735000;3 AVENUE DU PRESIDENT WILSON 11200 LEZIGNAN CORBIERES;cs;OUI
886462;Mme;nom_200;Prenom_200;CONSEILLER PATRIMONIAL;04 68 10 23 33;nom_200.Prenom_200@bnpparibas.com;0;13164644;102516;REGION OCCITANIE;8058000;TERRITOIRE AUDE;3250000;ENTITE CARCASSONNE.;3250;AGENCE CARCASSONNE CARNOT;01075000;1 RUE GEORGES CLEMENCEAU 11000 CARCASSONNE;cs;OUI
a90268;Mme;nom_201;Prenom_201;CONSEILLER PATRIMONIAL;04 68 47 73 37;nom_201.Prenom_201@bnpparibas.com;RDC;13164642;118150;REGION OCCITANIE;8058000;TERRITOIRE AUDE;3250000;ENTITE CARCASSONNE.;3250;AGENCE CARCASSONNE PLANETO;00732000;Zone comm. Planete Nord FERRAUDIERE 11000 CARCASSONNE;cs;OUI
940096;Mme;nom_202;Prenom_202;CONSEILLER PATRIMONIAL;04 68 90 36 69;nom_202.Prenom_202@bnpparibas.com;0;13164660;100952;REGION OCCITANIE;8058000;TERRITOIRE AUDE;3250000;ENTITE CARCASSONNE.;3250;AGENCE NARBONNE;01043000;50 RUE JEAN JAURES 11101 NARBONNE CEDEX;cs;OUI
221479;M.;nom_203;Prenom_203;CONSEILLER PATRIMONIAL;04 68 90 36 66;nom_203.Prenom_203@bnpparibas.com;0;13164660;100952;REGION OCCITANIE;8058000;TERRITOIRE AUDE;3250000;ENTITE CARCASSONNE.;3250;AGENCE NARBONNE;01043000;50 RUE JEAN JAURES 11101 NARBONNE CEDEX;cs;OUI
133526;Mme;nom_204;Prenom_204;CONSEILLER PATRIMONIAL;04 68 10 23 32;nom_204.Prenom_204@bnpparibas.com;-;13164644;102516;REGION OCCITANIE;8058000;TERRITOIRE AUDE;3250000;ENTITE CARCASSONNE.;3250;AGENCE CARCASSONNE CARNOT;01075000;1 RUE GEORGES CLEMENCEAU 11000 CARCASSONNE;cs;OUI
307132;Mme;nom_205;Prenom_205;CONSEILLER PATRIMONIAL;04 68 47 73 38;nom_205.Prenom_205@bnpparibas.com;RDC;13164642;118150;REGION OCCITANIE;8058000;TERRITOIRE AUDE;3250000;ENTITE CARCASSONNE.;3250;AGENCE CARCASSONNE PLANETO;00732000;Zone comm. Planete Nord FERRAUDIERE 11000 CARCASSONNE;cs;OUI
210212;Mme;nom_206;Prenom_206;CONSEILLER PATRIMONIAL;04 68 90 36 68;nom_206.Prenom_206@bnpparibas.com;0;13164660;100952;REGION OCCITANIE;8058000;TERRITOIRE AUDE;3250000;ENTITE CARCASSONNE.;3250;AGENCE NARBONNE;01043000;50 RUE JEAN JAURES 11101 NARBONNE CEDEX;cs;OUI
113634;M.;nom_207;Prenom_207;CONSEILLER PATRIMONIAL;04 68 94 53 13;nom_207.Prenom_207@bnpparibas.com;0;13164648;102517;REGION OCCITANIE;8058000;TERRITOIRE AUDE;3250000;ENTITE CARCASSONNE.;3250;AGENCE CASTELNAUDARY;01076000;2 RUE JEAN BAPTISTE DE MAILLE 11401 CASTELNAUDARY CEDEX;cs;OUI
136306;M.;nom_208;Prenom_208;CONSEILLER PATRIMONIAL;04 68 31 93 04;nom_208.Prenom_208@bnpparibas.com;0;13164658;101956;REGION OCCITANIE;8058000;TERRITOIRE AUDE;3250000;ENTITE CARCASSONNE.;3250;AGENCE LIMOUX;00022000;2 PLACE DU GENERAL LECLERC 11300 LIMOUX;cs;OUI
130524;Mme;nom_209;Prenom_209;CONSEILLER PATRIMONIAL;04 68 65 64 22;nom_209.Prenom_209@bnpparibas.com;0;13164662;102730;REGION OCCITANIE;8058000;TERRITOIRE AUDE;3250000;ENTITE CARCASSONNE.;3250;AGENCE NARBONNE SOUS PREFECTURE;01384000;6 BOULEVARD GAMBETTA 11101 NARBONNE CEDEX;cs;OUI
347496;Mme;nom_210;Prenom_210;CONSEILLER PATRIMONIAL;04 68 27 83 72;nom_210.Prenom_210@bnpparibas.com;0;13164656;102347;REGION OCCITANIE;8058000;TERRITOIRE AUDE;3250000;ENTITE CARCASSONNE.;3250;AGENCE LEZIGNAN CORBIERES;00735000;3 AVENUE DU PRESIDENT WILSON 11200 LEZIGNAN CORBIERES;cs;OUI
401804;Mme;nom_211;Prenom_211;DIRECTEUR D'AGENCE;04 68 90 36 72;nom_211.Prenom_211@bnpparibas.com;0;13164660;100952;REGION OCCITANIE;8058000;TERRITOIRE AUDE;3250000;ENTITE CARCASSONNE.;3250;AGENCE NARBONNE;01043000;50 RUE JEAN JAURES 11101 NARBONNE CEDEX;cs;OUI
590266;M.;nom_212;Prenom_212;DIRECTEUR D'AGENCE;04 68 47 73 03;nom_212.Prenom_212@bnpparibas.com;RDC;13164642;118150;REGION OCCITANIE;8058000;TERRITOIRE AUDE;3250000;ENTITE CARCASSONNE.;3250;AGENCE CARCASSONNE PLANETO;00732000;Zone comm. Planete Nord FERRAUDIERE 11000 CARCASSONNE;cs;OUI
138823;M.;nom_213;Prenom_213;DIRECTEUR D'AGENCE;04 68 10 23 11;nom_213.Prenom_213@bnpparibas.com;-;13164644;102516;REGION OCCITANIE;8058000;TERRITOIRE AUDE;3250000;ENTITE CARCASSONNE.;3250;AGENCE CARCASSONNE CARNOT;01075000;1 RUE GEORGES CLEMENCEAU 11000 CARCASSONNE;cs;OUI
296037;Mme;nom_214;Prenom_214;DIRECTEUR D'AGENCE;04 68 94 53 11;nom_214.Prenom_214@bnpparibas.com;0;13164648;102517;REGION OCCITANIE;8058000;TERRITOIRE AUDE;3250000;ENTITE CARCASSONNE.;3250;AGENCE CASTELNAUDARY;01076000;2 RUE JEAN BAPTISTE DE MAILLE 11401 CASTELNAUDARY CEDEX;cs;OUI
226426;M.;nom_215;Prenom_215;DIRECTEUR D'AGENCE;04 68 31 93 01;nom_215.Prenom_215@bnpparibas.com;0;13164658;101956;REGION OCCITANIE;8058000;TERRITOIRE AUDE;3250000;ENTITE CARCASSONNE.;3250;AGENCE LIMOUX;00022000;2 PLACE DU GENERAL LECLERC 11300 LIMOUX;cs;OUI
225407;M.;nom_216;Prenom_216;DIRECTEUR D'AGENCE;04 68 65 64 21;nom_216.Prenom_216@bnpparibas.com;0;13164662;102730;REGION OCCITANIE;8058000;TERRITOIRE AUDE;3250000;ENTITE CARCASSONNE.;3250;AGENCE NARBONNE SOUS PREFECTURE;01384000;6 BOULEVARD GAMBETTA 11101 NARBONNE CEDEX;cs;OUI
130153;Mme;nom_217;Prenom_217;DIRECTEUR D'AGENCE;04 68 27 83 71;nom_217.Prenom_217@bnpparibas.com;0;13164656;102347;REGION OCCITANIE;8058000;TERRITOIRE AUDE;3250000;ENTITE CARCASSONNE.;3250;AGENCE LEZIGNAN CORBIERES;00735000;3 AVENUE DU PRESIDENT WILSON 11200 LEZIGNAN CORBIERES;cs;OUI
866429;Mme;nom_218;Prenom_218;DIRECTEUR D'AGENCE;04 68 20 83 01;nom_218.Prenom_218@bnpparibas.com;0;13164676;102348;REGION OCCITANIE;8058000;TERRITOIRE AUDE;3250000;ENTITE CARCASSONNE.;3250;AGENCE QUILLAN;00737000;3 AVENUE PASTEUR 11500 QUILLAN;cs;OUI
B21097;M.;nom_219;Prenom_219;CHARGE D'AFFAIRES PROFESSIONNELS;-;nom_219.Prenom_219@bnpparibas.com;0;13164292;100711;REGION PARIS;8054000;TERRITOIRE PARIS 12EME;3284000;ENTITE PARIS 12EME;3284;AGENCE PARIS GARE DE LYON;00354000;23 BOULEVARD DIDEROT 75012 PARIS 12;cs;OUI
983766;Mme;nom_220;Prenom_220;CHARGE D'AFFAIRES PROFESSIONNELS;01 44 75 79 52;nom_220.Prenom_220@bnpparibas.com;0;13164306;102039;REGION PARIS;8054000;TERRITOIRE PARIS 12EME;3284000;ENTITE PARIS 12EME;3284;AGENCE PARIS PORTE DOREE 12E;00142000;1 PLACE EDOUARD RENARD 75012 PARIS 12;cs;OUI
b21198;Mme;nom_221;Prenom_221;CHARGE D'AFFAIRES PROFESSIONNELS;01 44 75 77 92;nom_221.Prenom_221@bnpparibas.com;0;13164324;109633;REGION PARIS;8054000;TERRITOIRE PARIS 12EME;3284000;ENTITE PARIS 12EME;3284;AGENCE PARIS FAUBOURG SAINT ANTOINE 12E;01669000;158 FAUBOURG SAINT ANTOINE 75012 PARIS 12;cs;OUI
b56072;M.;nom_222;Prenom_222;CHARGE D'AFFAIRES PROFESSIONNELS;-;nom_222.Prenom_222@bnpparibas.com;-;13164312;102835;REGION PARIS;8054000;TERRITOIRE PARIS 12EME;3284000;ENTITE PARIS 12EME;3284;AGENCE PARIS REUILLY 12E;01523000;41-43 RUE DE REUILLY 75012 PARIS 12;;OUI
b01691;Mme;nom_223;Prenom_223;CHARGE D'AFFAIRES PROFESSIONNELS;01 44 68 83 93;nom_223.Prenom_223@bnpparibas.com;0;13164294;102409;REGION PARIS;8054000;TERRITOIRE PARIS 12EME;3284000;ENTITE PARIS 12EME;3284;AGENCE PARIS DUGOMMIER BERCY 12E;00902000;1 RUE DUGOMMIER 75012 PARIS 12;cs;OUI
b28299;M.;nom_224;Prenom_224;CHARGE D'AFFAIRES PROFESSIONNELS;01 44 68 83 79;nom_224.Prenom_224@bnpparibas.com;0;13164304;102772;REGION PARIS;8054000;TERRITOIRE PARIS 12EME;3284000;ENTITE PARIS 12EME;3284;AGENCE PARIS PICPUS 12E;01436000;51 BOULEVARD DE PICPUS 75012 PARIS 12;cs;OUI
267570;Mme;nom_225;Prenom_225;CHARGE D'AFFAIRES PROFESSIONNELS;01 44 68 81 56;nom_225.Prenom_225@bnpparibas.com;0;13164316;102734;REGION PARIS;8054000;TERRITOIRE PARIS 12EME;3284000;ENTITE PARIS 12EME;3284;AGENCE PARIS RUE DE WATTIGNIES 12E;01388000;36 RUE DE WATTIGNIES 75012 PARIS 12;cs;OUI
b31475;M.;nom_226;Prenom_226;CHARGE D'AFFAIRES PROFESSIONNELS;01 53 33 83 53;nom_226.Prenom_226@bnpparibas.com;0;13164290;100982;REGION PARIS;8054000;TERRITOIRE PARIS 12EME;3284000;ENTITE PARIS 12EME;3284;AGENCE PARIS DAUMESNIL 12E;01522000;9 PLACE FELIX EBOUE 75012 PARIS 12;cs;OUI
d27133;M.;nom_227;Prenom_227;CHARGE D'AFFAIRES PROFESSIONNELS;-;nom_227.Prenom_227@bnpparibas.com;0;13164290;100982;REGION PARIS;8054000;TERRITOIRE PARIS 12EME;3284000;ENTITE PARIS 12EME;3284;AGENCE PARIS DAUMESNIL 12E;01522000;9 PLACE FELIX EBOUE 75012 PARIS 12;cs;OUI
355472;Mme;nom_228;Prenom_228;CHARGE D'AFFAIRES PROFESSIONNELS;01 44 74 33 57;nom_228.Prenom_228@bnpparibas.com;0;13164292;100711;REGION PARIS;8054000;TERRITOIRE PARIS 12EME;3284000;ENTITE PARIS 12EME;3284;AGENCE PARIS GARE DE LYON;00354000;23 BOULEVARD DIDEROT 75012 PARIS 12;cs;OUI
400389;Mme;nom_229;Prenom_229;CHARGE D'AFFAIRES PROFESSIONNELS;01 44 74 33 50;nom_229.Prenom_229@bnpparibas.com;0;13164292;100711;REGION PARIS;8054000;TERRITOIRE PARIS 12EME;3284000;ENTITE PARIS 12EME;3284;AGENCE PARIS GARE DE LYON;00354000;23 BOULEVARD DIDEROT 75012 PARIS 12;cs;OUI
332337;M.;nom_230;Prenom_230;CHARGE D'AFFAIRES PROFESSIONS LIBERALES;01 43 46 24 82;nom_230.Prenom_230@bnpparibas.com;0;13164298;100870;REGION PARIS;8054000;TERRITOIRE PARIS 12EME;3284000;ENTITE PARIS 12EME;3284;AGENCE PARIS LEDRU ROLLIN 12E;00807000;20 RUE DE LYON 75012 PARIS 12;cs;OUI
277142;Mme;nom_231;Prenom_231;CHARGE D'AFFAIRES PROFESSIONS LIBERALES;01 53 33 83 52;nom_231.Prenom_231@bnpparibas.com;0;13164290;100982;REGION PARIS;8054000;TERRITOIRE PARIS 12EME;3284000;ENTITE PARIS 12EME;3284;AGENCE PARIS DAUMESNIL 12E;01522000;9 PLACE FELIX EBOUE 75012 PARIS 12;cs;OUI
d16847;Mme;nom_232;Prenom_232;CHARGE DE SERVICE CLIENTELE;01 44 68 83 90;nom_232.Prenom_232@bnpparibas.com;0;13134420;102409;REGION PARIS;8054000;TERRITOIRE PARIS 12EME;3284000;ENTITE PARIS 12EME;3284;AGENCE PARIS DUGOMMIER BERCY 12E;00902000;1 RUE DUGOMMIER 75012 PARIS 12;cs;OUI
c16071;M.;nom_233;Prenom_233;CONSEILLER CLIENT;01 44 68 83 96;nom_233.Prenom_233@bnpparibas.com;0;13164294;102409;REGION PARIS;8054000;TERRITOIRE PARIS 12EME;3284000;ENTITE PARIS 12EME;3284;AGENCE PARIS DUGOMMIER BERCY 12E;00902000;1 RUE DUGOMMIER 75012 PARIS 12;cs;OUI
b23020;Mme;nom_234;Prenom_234;CONSEILLER PATRIMONIAL;-;nom_234.Prenom_234@bnpparibas.com;0;13164324;109633;REGION PARIS;8054000;TERRITOIRE PARIS 12EME;3284000;ENTITE PARIS 12EME;3284;AGENCE PARIS FAUBOURG SAINT ANTOINE 12E;01669000;158 FAUBOURG SAINT ANTOINE 75012 PARIS 12;cs;OUI
d28701;M.;nom_235;Prenom_235;CONSEILLER CLIENT;-;nom_235.Prenom_235@bnpparibas.com;0;13164316;102734;REGION PARIS;8054000;TERRITOIRE PARIS 12EME;3284000;ENTITE PARIS 12EME;3284;AGENCE PARIS RUE DE WATTIGNIES 12E;01388000;36 RUE DE WATTIGNIES 75012 PARIS 12;cs;OUI
c50098;Mme;nom_236;Prenom_236;CONSEILLER PATRIMONIAL;-;nom_236.Prenom_236@bnpparibas.com;0;13164324;109633;REGION PARIS;8054000;TERRITOIRE PARIS 12EME;3284000;ENTITE PARIS 12EME;3284;AGENCE PARIS FAUBOURG SAINT ANTOINE 12E;01669000;158 FAUBOURG SAINT ANTOINE 75012 PARIS 12;cs;OUI
a88633;Mme;nom_237;Prenom_237;CHARGE D'AFFAIRES PROFESSIONNELS;-;nom_237.Prenom_237@bnpparibas.com;1;13164324;109633;REGION PARIS;8054002;TERRITOIRE PARIS 12EME;3284002;ENTITE PARIS 12EME;328400;AGENCE PARIS FAUBOURG SAINT ANTOINE 12E;01669002;160 FAUBOURG SAINT ANTOINE 75012 PARIS 12;cs;OUI
c65550;Mme;nom_238;Prenom_238;CONSEILLER CLIENT;01 44 75 77 93;nom_238.Prenom_238@bnpparibas.com;0;13164324;109633;REGION PARIS;8054000;TERRITOIRE PARIS 12EME;3284000;ENTITE PARIS 12EME;3284;AGENCE PARIS FAUBOURG SAINT ANTOINE 12E;01669000;158 FAUBOURG SAINT ANTOINE 75012 PARIS 12;cs;OUI
d01594;Mme;nom_239;Prenom_239;CONSEILLER CLIENT;01 44 75 79 50;nom_239.Prenom_239@bnpparibas.com;0;13164306;102039;REGION PARIS;8054000;TERRITOIRE PARIS 12EME;3284000;ENTITE PARIS 12EME;3284;AGENCE PARIS PORTE DOREE 12E;00142000;1 PLACE EDOUARD RENARD 75012 PARIS 12;cs;OUI
b38447;Mme;nom_240;Prenom_240;CONSEILLER CLIENT;01 43 46 24 80;nom_240.Prenom_240@bnpparibas.com;0;13164298;100870;REGION PARIS;8054000;TERRITOIRE PARIS 12EME;3284000;ENTITE PARIS 12EME;3284;AGENCE PARIS LEDRU ROLLIN 12E;00807000;20 RUE DE LYON 75012 PARIS 12;cs;OUI
c84269;Mme;nom_241;Prenom_241;CONSEILLER CLIENT;01 43 46 25 06;nom_241.Prenom_241@bnpparibas.com;0;13164312;102835;REGION PARIS;8054000;TERRITOIRE PARIS 12EME;3284000;ENTITE PARIS 12EME;3284;AGENCE PARIS REUILLY 12E;01523000;41-43 RUE DE REUILLY 75012 PARIS 12;cs;OUI
c28802;M.;nom_242;Prenom_242;CONSEILLER CLIENT;01 44 68 83 89;nom_242.Prenom_242@bnpparibas.com;0;13164304;102772;REGION PARIS;8054000;TERRITOIRE PARIS 12EME;3284000;ENTITE PARIS 12EME;3284;AGENCE PARIS PICPUS 12E;01436000;51 BOULEVARD DE PICPUS 75012 PARIS 12;cs;OUI
113173;Mme;nom_243;Prenom_243;CONSEILLER CLIENT;01 44 75 79 53;nom_243.Prenom_243@bnpparibas.com;-;13164306;102039;REGION PARIS;8054000;TERRITOIRE PARIS 12EME;3284000;ENTITE PARIS 12EME;3284;AGENCE PARIS PORTE DOREE 12E;00142000;1 PLACE EDOUARD RENARD 75012 PARIS 12;cs;OUI
a27064;Mme;nom_244;Prenom_244;CONSEILLER CLIENT;01 53 33 83 55;nom_244.Prenom_244@bnpparibas.com;0;13164290;100982;REGION PARIS;8054000;TERRITOIRE PARIS 12EME;3284000;ENTITE PARIS 12EME;3284;AGENCE PARIS DAUMESNIL 12E;01522000;9 PLACE FELIX EBOUE 75012 PARIS 12;cs;OUI
d10180;Mme;nom_245;Prenom_245;CONSEILLER CLIENT;01 53 33 24 50;nom_245.Prenom_245@bnpparibas.com;0;13164290;100982;REGION PARIS;8054000;TERRITOIRE PARIS 12EME;3284000;ENTITE PARIS 12EME;3284;AGENCE PARIS DAUMESNIL 12E;01522000;9 PLACE FELIX EBOUE 75012 PARIS 12;cs;OUI
112080;M.;nom_246;Prenom_246;CONSEILLER CLIENT;01 44 74 33 56;nom_246.Prenom_246@bnpparibas.com;0;13164292;100711;REGION PARIS;8054000;TERRITOIRE PARIS 12EME;3284000;ENTITE PARIS 12EME;3284;AGENCE PARIS GARE DE LYON;00354000;23 BOULEVARD DIDEROT 75012 PARIS 12;cs;OUI
d11896;M.;nom_247;Prenom_247;CONSEILLER CLIENT ;-;nom_247.Prenom_247@bnpparibas.com;-;13164312;102835;REGION PARIS;8054000;TERRITOIRE PARIS 12EME;3284000;ENTITE PARIS 12EME;3284;AGENCE PARIS REUILLY 12E;01523000;41-43 RUE DE REUILLY 75012 PARIS 12;;OUI
